ID;Gender;Firstname;Surname;Email;Birthday;Kilograms;Centimeters
1;male;Frank;Lindgren;FrankLindgren@teleworm.us;1/4/1992;101.1;177
2;male;Oliver;Lundgren;OliverLundgren@fleckens.hu;2/9/1993;65.6;182
3;female;Blenda;Lundström;BlendaLundstrom@armyspy.com;6/25/1996;49.1;160
4;male;Shayan;Nordström;ShayanNordstrom@jourrapide.com;10/14/1997;70.6;176
5;male;Dennis;Isaksson;DennisIsaksson@cuvox.de;5/13/1996;91.2;185
6;male;Zakarias;Hermansson;ZakariasHermansson@teleworm.us;6/22/1992;59.4;179
7;male;Marius;Sandberg;MariusSandberg@armyspy.com;9/1/1993;94.4;171
8;female;Elvira;Dahlberg;ElviraDahlberg@fleckens.hu;6/6/1997;79.5;152
9;male;Justin;Jakobsson;JustinJakobsson@superrito.com;10/23/1993;70.7;175
10;male;Casper;Lindström;CasperLindstrom@rhyta.com;8/6/1992;85.1;182
11;female;Amira;Axelsson;AmiraAxelsson@superrito.com;9/27/1991;73.6;157
12;male;Amadeus;Gustavsson;AmadeusGustavsson@gustr.com;8/30/1991;100.5;172
13;male;Aleksandar;Mattsson;AleksandarMattsson@fleckens.hu;6/22/1992;69.0;172
14;male;Mike;Blomqvist;MikeBlomqvist@cuvox.de;3/30/1997;76.8;178
15;female;Naomi;Jönsson;NaomiJonsson@cuvox.de;11/4/1996;68.7;151
16;female;Victoria;Nordström;VictoriaNordstrom@rhyta.com;5/23/1995;52.4;168
17;male;Mahmoud;Berg;MahmoudBerg@armyspy.com;3/7/1991;64.0;180
18;female;Saga;Svensson;SagaSvensson@jourrapide.com;3/16/1997;86.9;158
19;female;Nea;Abrahamsson;NeaAbrahamsson@teleworm.us;1/21/1994;64.1;171
20;male;Mauritz;Söderberg;MauritzSoderberg@armyspy.com;9/18/1992;57.2;188
21;female;Disa;Dahlberg;DisaDahlberg@jourrapide.com;12/9/1995;65.1;173
22;female;Sigrid;Björk;SigridBjork@armyspy.com;10/26/1991;80.8;169
23;female;Aina;Månsson;AinaMansson@jourrapide.com;5/20/1995;54.7;162
24;male;Manfred;Johansson;ManfredJohansson@superrito.com;3/17/1995;82.5;189
25;female;Hedda;Pettersson;HeddaPettersson@dayrep.com;1/9/1992;55.2;162
26;male;Birk;Norberg;BirkNorberg@jourrapide.com;6/28/1994;96.8;182
27;female;Bella;Carlsson;BellaCarlsson@dayrep.com;11/10/1991;55.0;169
28;male;Jack;Engström;JackEngstrom@rhyta.com;2/6/1992;58.0;187
29;male;Wictor;Nilsson;WictorNilsson@dayrep.com;10/6/1991;100.8;190
30;male;Elliott;Hansson;ElliottHansson@dayrep.com;9/3/1996;86.2;169
31;male;Malte;Svensson;MalteSvensson@einrot.com;4/30/1991;102.6;182
32;female;Stella;Berggren;StellaBerggren@rhyta.com;12/3/1993;49.4;167
33;female;Marie;Danielsson;MarieDanielsson@armyspy.com;7/22/1995;54.7;161
34;female;Malvina;Sjöberg;MalvinaSjoberg@teleworm.us;5/10/1996;62.6;175
35;female;Tanya;Björklund;TanyaBjorklund@einrot.com;5/3/1997;74.7;159
36;female;Paulina;Åkesson;PaulinaAkesson@cuvox.de;7/28/1991;52.4;165
37;female;Carla;Ivarsson;CarlaIvarsson@cuvox.de;8/12/1997;81.7;168
38;male;Wilmer;Nyman;WilmerNyman@dayrep.com;1/31/1995;65.7;190
39;male;Paul;Bergman;PaulBergman@rhyta.com;3/4/1996;95.1;188
40;male;Wilmer;Lindqvist;WilmerLindqvist@cuvox.de;10/1/1997;53.7;189
41;male;Liam;Andreasson;LiamAndreasson@rhyta.com;7/30/1992;103.6;189
42;female;Gabrielle;Öberg;GabrielleOberg@rhyta.com;12/14/1993;70.6;160
43;female;Helena;Nyström;HelenaNystrom@teleworm.us;1/28/1994;89.6;168
44;male;Sebastian;Månsson;SebastianMansson@fleckens.hu;10/27/1997;91.8;173
45;female;Simone;Björk;SimoneBjork@armyspy.com;2/19/1997;69.4;168
46;female;Melina;Åberg;MelinaAberg@dayrep.com;7/8/1991;57.6;160
47;female;Myra;Andersson;MyraAndersson@cuvox.de;10/29/1994;68.8;172
48;male;Dani;Persson;DaniPersson@einrot.com;3/25/1993;68.6;188
49;male;Alexander;Söderberg;AlexanderSoderberg@dayrep.com;2/8/1994;80.2;182
50;female;Janina;Hermansson;JaninaHermansson@dayrep.com;3/5/1994;98.0;165
51;female;Cassandra;Sundström;CassandraSundstrom@teleworm.us;9/18/1996;55.1;168
52;male;Tor;Fransson;TorFransson@jourrapide.com;8/1/1995;78.8;180
53;female;Miriam;Dahl;MiriamDahl@fleckens.hu;1/26/1993;97.1;162
54;female;Ellinore;Jonasson;EllinoreJonasson@fleckens.hu;12/20/1992;95.3;162
55;male;Lukas;Sjöberg;LukasSjoberg@cuvox.de;7/3/1993;67.7;180
56;female;Isabelle;Månsson;IsabelleMansson@fleckens.hu;6/25/1996;78.7;153
57;female;Malou;Dahlberg;MalouDahlberg@cuvox.de;4/15/1994;52.4;162
58;female;Jessica;Olofsson;JessicaOlofsson@cuvox.de;7/2/1994;87.7;167
59;male;Matteo;Arvidsson;MatteoArvidsson@rhyta.com;4/23/1997;79.6;187
60;male;Cevin;Ek;CevinEk@teleworm.us;8/28/1991;102.4;186
61;male;Aron;Andersson;AronAndersson@cuvox.de;11/9/1995;61.8;187
62;female;Cindy;Björk;CindyBjork@superrito.com;1/24/1991;61.9;167
63;male;Kalle;Berggren;KalleBerggren@armyspy.com;10/9/1992;91.2;184
64;male;Harry;Sundberg;HarrySundberg@teleworm.us;9/27/1992;66.5;180
65;male;Haris;Forsberg;HarisForsberg@jourrapide.com;12/13/1996;91.9;185
66;female;Vilja;Bergqvist;ViljaBergqvist@rhyta.com;7/31/1993;84.4;159
67;female;Märta;Lindqvist;MartaLindqvist@superrito.com;6/23/1997;52.4;163
68;female;Nea;Berggren;NeaBerggren@superrito.com;10/12/1991;90.2;172
69;female;Fannie;Gunnarsson;FannieGunnarsson@superrito.com;9/9/1992;68.3;154
70;female;Donia;Holmgren;DoniaHolmgren@einrot.com;2/18/1995;70.2;171
71;male;Dino;Hermansson;DinoHermansson@dayrep.com;8/22/1991;83.2;185
72;male;Ante;Magnusson;AnteMagnusson@superrito.com;4/6/1995;61.6;188
73;male;Niklas;Sundberg;NiklasSundberg@rhyta.com;9/13/1992;62.0;176
74;male;Denis;Nordin;DenisNordin@cuvox.de;5/22/1994;100.2;188
75;female;Bianca;Norberg;BiancaNorberg@superrito.com;4/20/1997;56.7;152
76;female;Maria;Åström;MariaAstrom@jourrapide.com;5/17/1994;99.3;175
77;male;Theo;Lundgren;TheoLundgren@gustr.com;3/15/1992;99.3;177
78;female;Havin;Abrahamsson;HavinAbrahamsson@superrito.com;1/3/1994;62.9;171
79;male;Valentino;Lindqvist;ValentinoLindqvist@einrot.com;11/20/1994;74.5;188
80;female;Fiona;Fredriksson;FionaFredriksson@superrito.com;8/12/1994;69.0;173
81;female;Nina;Nordström;NinaNordstrom@dayrep.com;3/21/1995;68.6;174
82;male;Adam;Nilsson;AdamNilsson@einrot.com;1/4/1997;93.1;166
83;female;Veronica;Olsson;VeronicaOlsson@einrot.com;1/9/1993;77.1;163
84;male;Hugo;Jonasson;HugoJonasson@teleworm.us;4/22/1995;82.1;168
85;female;Kristina;Carlsson;KristinaCarlsson@rhyta.com;12/1/1995;85.7;174
86;female;Chanel;Isaksson;ChanelIsaksson@jourrapide.com;11/5/1992;57.1;162
87;female;Joanna;Löfgren;JoannaLofgren@dayrep.com;8/30/1991;59.3;174
88;female;Philippa;Åberg;PhilippaAberg@superrito.com;10/20/1997;81.2;163
89;male;Teo;Sandberg;TeoSandberg@rhyta.com;5/8/1995;109.2;190
90;male;Arvin;Nilsson;ArvinNilsson@rhyta.com;2/27/1993;63.5;178
91;male;Rickard;Nordström;RickardNordstrom@armyspy.com;12/14/1994;91.6;189
92;male;Mohamad;Olsson;MohamadOlsson@fleckens.hu;12/17/1990;63.7;184
93;female;Jenna;Fransson;JennaFransson@superrito.com;1/17/1995;67.3;159
94;male;Aston;Sundström;AstonSundstrom@fleckens.hu;2/19/1991;80.6;176
95;male;Amadeus;Ekström;AmadeusEkstrom@gustr.com;12/23/1993;68.6;188
96;male;Emil;Ström;EmilStrom@jourrapide.com;7/10/1995;99.1;186
97;male;Caspian;Sandberg;CaspianSandberg@einrot.com;9/10/1994;92.1;167
98;male;Albert;Ek;AlbertEk@jourrapide.com;5/10/1996;54.7;188
99;male;Helmer;Engström;HelmerEngstrom@armyspy.com;2/4/1992;82.3;176
100;female;Cajsa;Jonasson;CajsaJonasson@jourrapide.com;5/8/1993;47.5;175
101;male;Mostafa;Lindström;MostafaLindstrom@gustr.com;11/27/1995;81.7;190
102;female;Sanna;Lundin;SannaLundin@einrot.com;6/10/1993;76.6;166
103;female;Othilia;Jansson;OthiliaJansson@einrot.com;1/11/1997;63.1;160
104;female;Amelia;Bergman;AmeliaBergman@einrot.com;1/27/1996;82.0;151
105;male;Alvin;Ekström;AlvinEkstrom@jourrapide.com;11/27/1993;56.1;174
106;female;Sabrina;Lindgren;SabrinaLindgren@jourrapide.com;11/12/1993;52.0;167
107;female;Viktoria;Berglund;ViktoriaBerglund@rhyta.com;8/2/1996;59.1;164
108;male;Matheo;Holm;MatheoHolm@jourrapide.com;4/8/1997;77.7;180
109;male;Denniz;Nyman;DennizNyman@dayrep.com;8/8/1991;105.5;168
110;female;Isabel;Nordin;IsabelNordin@gustr.com;9/15/1992;73.0;173
111;male;Alfred;Holmgren;AlfredHolmgren@rhyta.com;5/2/1994;95.7;187
112;male;Manne;Andersson;ManneAndersson@gustr.com;2/11/1996;80.8;180
113;female;Donia;Göransson;DoniaGoransson@cuvox.de;10/24/1997;84.2;151
114;male;Nikola;Sandström;NikolaSandstrom@gustr.com;4/8/1991;106.2;175
115;male;Ibrahim;Arvidsson;IbrahimArvidsson@armyspy.com;2/20/1997;90.8;190
116;male;Vide;Ek;VideEk@superrito.com;10/18/1993;87.0;180
117;female;Evelin;Ivarsson;EvelinIvarsson@armyspy.com;1/25/1992;95.8;156
118;male;Axel;Abrahamsson;AxelAbrahamsson@armyspy.com;11/15/1996;55.4;171
119;male;Leon;Sandström;LeonSandstrom@einrot.com;6/9/1994;92.1;168
120;female;Tuva;Lindström;TuvaLindstrom@superrito.com;2/22/1992;51.0;154
121;male;Josef;Bengtsson;JosefBengtsson@fleckens.hu;8/2/1996;55.3;173
122;male;Artin;Åkesson;ArtinAkesson@armyspy.com;7/20/1994;74.7;185
123;male;Mikael;Söderberg;MikaelSoderberg@rhyta.com;10/11/1992;89.4;189
124;female;Meya;Gunnarsson;MeyaGunnarsson@armyspy.com;12/26/1993;53.6;154
125;male;Chris;Bergqvist;ChrisBergqvist@gustr.com;3/26/1991;95.1;187
126;female;Tora;Jakobsson;ToraJakobsson@teleworm.us;5/13/1995;88.6;166
127;female;Thilda;Bergström;ThildaBergstrom@einrot.com;5/22/1992;67.1;160
128;female;Alvina;Lindberg;AlvinaLindberg@armyspy.com;11/18/1995;83.4;154
129;female;Vilda;Olofsson;VildaOlofsson@cuvox.de;10/23/1991;84.1;164
130;male;Rufus;Engström;RufusEngstrom@cuvox.de;12/6/1994;59.8;176
131;female;Eliza;Eliasson;ElizaEliasson@dayrep.com;10/4/1991;63.4;171
132;female;Melinda;Arvidsson;MelindaArvidsson@dayrep.com;2/12/1992;55.9;175
133;female;Tilly;Lundin;TillyLundin@fleckens.hu;5/31/1991;85.8;159
134;male;Razmus;Söderberg;RazmusSoderberg@gustr.com;9/6/1997;56.6;184
135;female;Melisa;Henriksson;MelisaHenriksson@jourrapide.com;9/15/1997;73.0;156
136;female;Anna;Olofsson;AnnaOlofsson@einrot.com;10/6/1992;67.0;175
137;female;Shirin;Månsson;ShirinMansson@fleckens.hu;5/14/1995;53.9;165
138;male;Oliwer;Eliasson;OliwerEliasson@armyspy.com;2/1/1995;76.7;181
139;female;Izabelle;Gustavsson;IzabelleGustavsson@armyspy.com;12/5/1996;81.6;168
140;female;Vilda;Karlsson;VildaKarlsson@armyspy.com;2/18/1994;90.1;173
141;male;Elvis;Larsson;ElvisLarsson@dayrep.com;1/24/1995;81.3;168
142;female;Nelly;Sundberg;NellySundberg@jourrapide.com;3/19/1991;59.6;167
143;female;Berfin;Isaksson;BerfinIsaksson@teleworm.us;8/1/1996;49.6;161
144;male;Anas;Jonasson;AnasJonasson@fleckens.hu;6/7/1997;84.2;173
145;female;Annie;Hansson;AnnieHansson@superrito.com;7/5/1996;88.1;157
146;male;Lars;Karlsson;LarsKarlsson@gustr.com;2/8/1993;101.7;169
147;male;Jan;Axelsson;JanAxelsson@rhyta.com;6/22/1992;62.1;178
148;male;Nima;Nyman;NimaNyman@einrot.com;10/27/1997;95.1;169
149;female;Nova;Bergström;NovaBergstrom@armyspy.com;10/31/1992;98.9;157
150;female;Jolin;Fredriksson;JolinFredriksson@gustr.com;5/16/1994;99.8;160
151;female;Marie;Lindström;MarieLindstrom@cuvox.de;2/1/1997;59.9;166
152;male;Dani;Carlsson;DaniCarlsson@einrot.com;7/28/1992;104.0;188
153;female;Thilda;Mårtensson;ThildaMartensson@superrito.com;1/8/1995;99.5;162
154;female;Leila;Nordin;LeilaNordin@jourrapide.com;8/12/1995;96.6;163
155;female;Leonora;Martinsson;LeonoraMartinsson@armyspy.com;12/14/1990;71.5;156
156;male;Emir;Andreasson;EmirAndreasson@dayrep.com;9/10/1993;85.4;177
157;male;Emin;Strömberg;EminStromberg@einrot.com;11/27/1995;105.2;183
158;male;Ricky;Arvidsson;RickyArvidsson@gustr.com;8/22/1992;64.5;187
159;female;Nikki;Jonsson;NikkiJonsson@teleworm.us;2/15/1992;97.9;174
160;male;Elliott;Lindqvist;ElliottLindqvist@teleworm.us;8/7/1995;100.8;175
161;male;Maximus;Lindström;MaximusLindstrom@superrito.com;5/15/1992;63.6;168
162;female;Estelle;Nyström;EstelleNystrom@jourrapide.com;11/15/1995;71.1;171
163;female;Micaela;Magnusson;MicaelaMagnusson@teleworm.us;7/15/1991;73.5;169
164;female;Lea;Henriksson;LeaHenriksson@superrito.com;6/22/1997;52.1;160
165;male;Kim;Blom;KimBlom@armyspy.com;2/12/1993;73.2;186
166;female;Liv;Ström;LivStrom@einrot.com;4/1/1997;82.9;168
167;female;Filippa;Berggren;FilippaBerggren@cuvox.de;6/14/1995;98.4;170
168;male;Wiggo;Wallin;WiggoWallin@gustr.com;5/7/1995;91.7;180
169;male;Joacim;Norberg;JoacimNorberg@superrito.com;2/9/1994;59.2;167
170;female;Claudia;Söderberg;ClaudiaSoderberg@dayrep.com;4/13/1995;93.8;161
171;female;Amalia;Sundberg;AmaliaSundberg@cuvox.de;10/10/1997;69.2;158
172;female;Rakel;Fransson;RakelFransson@dayrep.com;8/11/1993;89.3;162
173;male;Alvar;Bergström;AlvarBergstrom@dayrep.com;1/13/1997;81.7;188
174;female;Sally;Larsson;SallyLarsson@teleworm.us;9/23/1996;73.4;154
175;female;Nicolina;Åkesson;NicolinaAkesson@gustr.com;9/3/1993;51.6;159
176;male;Ture;Nordin;TureNordin@teleworm.us;4/5/1995;87.0;182
177;female;Jasmin;Olofsson;JasminOlofsson@teleworm.us;6/11/1992;51.5;164
178;male;Einar;Hansson;EinarHansson@superrito.com;10/22/1991;81.7;181
179;male;Yusuf;Larsson;YusufLarsson@fleckens.hu;3/18/1993;90.3;178
180;female;Savannah;Berg;SavannahBerg@cuvox.de;9/20/1992;95.1;165
181;female;Michaela;Jonasson;MichaelaJonasson@rhyta.com;2/4/1992;60.8;160
182;male;Calle;Holmgren;CalleHolmgren@rhyta.com;9/28/1991;90.2;170
183;female;Siri;Lindström;SiriLindstrom@cuvox.de;6/27/1997;56.7;173
184;male;Abdullah;Åkesson;AbdullahAkesson@rhyta.com;7/21/1993;104.4;188
185;male;Alfred;Sandström;AlfredSandstrom@teleworm.us;12/15/1995;94.4;179
186;female;Dilan;Jönsson;DilanJonsson@cuvox.de;1/16/1992;78.7;155
187;male;Konrad;Lundqvist;KonradLundqvist@armyspy.com;7/31/1993;57.0;176
188;female;Lana;Hedlund;LanaHedlund@gustr.com;4/12/1993;49.9;163
189;female;Hillevi;Hermansson;HilleviHermansson@teleworm.us;1/25/1991;93.5;159
190;male;Rickard;Lundberg;RickardLundberg@gustr.com;4/22/1996;78.3;168
191;female;Aya;Forsberg;AyaForsberg@jourrapide.com;9/3/1991;96.5;168
192;female;Laila;Mattsson;LailaMattsson@rhyta.com;7/8/1994;47.1;157
193;male;Melker;Bergman;MelkerBergman@einrot.com;7/1/1997;62.6;166
194;male;Lowe;Magnusson;LoweMagnusson@gustr.com;1/21/1996;79.1;187
195;female;Lilian;Ivarsson;LilianIvarsson@jourrapide.com;3/1/1997;55.8;153
196;male;Mohammed;Nyström;MohammedNystrom@cuvox.de;10/17/1995;61.8;186
197;female;Jasmin;Lindberg;JasminLindberg@dayrep.com;10/2/1993;85.9;168
198;female;Isabelle;Jansson;IsabelleJansson@cuvox.de;12/10/1993;79.0;165
199;male;Philip;Gunnarsson;PhilipGunnarsson@fleckens.hu;7/18/1994;95.5;176
200;male;Tony;Ivarsson;TonyIvarsson@einrot.com;10/26/1992;104.7;174
201;male;August;Lundqvist;AugustLundqvist@gustr.com;12/16/1996;98.1;178
202;male;Lars;Wallin;LarsWallin@cuvox.de;2/24/1996;86.7;164
203;female;Elizabeth;Berg;ElizabethBerg@teleworm.us;11/21/1991;94.6;160
204;female;Malou;Forsberg;MalouForsberg@einrot.com;3/3/1997;47.4;167
205;female;Melina;Ek;MelinaEk@teleworm.us;9/5/1997;49.0;167
206;female;Wendela;Jansson;WendelaJansson@fleckens.hu;4/17/1997;61.0;168
207;female;Leila;Fredriksson;LeilaFredriksson@teleworm.us;8/21/1991;49.7;156
208;male;Mario;Lindberg;MarioLindberg@superrito.com;7/6/1995;95.7;175
209;female;Tindra;Eklund;TindraEklund@einrot.com;8/28/1993;75.8;163
210;male;Joachim;Ek;JoachimEk@jourrapide.com;11/25/1993;79.3;180
211;male;Matheo;Åkesson;MatheoAkesson@einrot.com;10/23/1995;73.0;171
212;male;Edgar;Åström;EdgarAstrom@einrot.com;6/25/1991;80.2;183
213;male;Razmus;Nyman;RazmusNyman@jourrapide.com;10/15/1992;73.8;172
214;male;Algot;Björk;AlgotBjork@einrot.com;10/4/1992;69.4;187
215;female;Bianca;Eklund;BiancaEklund@rhyta.com;1/1/1996;64.1;171
216;female;Maryama;Abrahamsson;MaryamaAbrahamsson@cuvox.de;3/3/1996;78.7;164
217;male;Zebastian;Nordström;ZebastianNordstrom@gustr.com;3/3/1993;63.7;170
218;female;Amilia;Nilsson;AmiliaNilsson@rhyta.com;5/20/1993;70.1;168
219;male;Richard;Öberg;RichardOberg@jourrapide.com;1/14/1994;74.0;174
220;male;Caspar;Göransson;CasparGoransson@cuvox.de;4/2/1993;91.5;180
221;female;Martina;Lindqvist;MartinaLindqvist@cuvox.de;2/28/1991;68.4;163
222;male;Nico;Lundgren;NicoLundgren@fleckens.hu;4/1/1997;76.4;174
223;female;Sofia;Strömberg;SofiaStromberg@fleckens.hu;12/6/1996;53.6;161
224;male;Dennis;Bengtsson;DennisBengtsson@cuvox.de;1/16/1992;90.5;186
225;male;Atle;Jonsson;AtleJonsson@teleworm.us;9/5/1994;58.5;172
226;male;Kimi;Lund;KimiLund@gustr.com;9/4/1995;90.7;181
227;female;Isabella;Persson;IsabellaPersson@gustr.com;9/29/1994;86.1;162
228;female;Märta;Sundström;MartaSundstrom@rhyta.com;6/3/1992;65.4;164
229;male;Frank;Martinsson;FrankMartinsson@superrito.com;1/11/1994;69.7;175
230;male;Kewin;Hansson;KewinHansson@rhyta.com;11/23/1991;71.5;171
231;male;Arvin;Johnsson;ArvinJohnsson@gustr.com;8/18/1997;79.1;189
232;female;Medina;Jönsson;MedinaJonsson@armyspy.com;7/19/1992;51.8;168
233;female;Dalia;Björk;DaliaBjork@dayrep.com;6/18/1993;61.9;173
234;male;Yonis;Andreasson;YonisAndreasson@einrot.com;5/2/1997;86.6;182
235;male;Michael;Eliasson;MichaelEliasson@jourrapide.com;7/6/1995;87.6;182
236;male;Ricky;Abrahamsson;RickyAbrahamsson@teleworm.us;11/15/1994;84.3;174
237;female;Savannah;Jonsson;SavannahJonsson@gustr.com;2/14/1995;98.2;154
238;male;Alan;Lundström;AlanLundstrom@einrot.com;3/6/1994;75.3;173
239;female;Asta;Håkansson;AstaHakansson@fleckens.hu;7/3/1997;48.2;173
240;male;Lukas;Norberg;LukasNorberg@dayrep.com;8/12/1991;65.0;185
241;female;Rania;Nordin;RaniaNordin@armyspy.com;6/14/1997;61.3;155
242;female;Izabella;Lind;IzabellaLind@fleckens.hu;1/30/1992;47.9;155
243;male;Dani;Hedlund;DaniHedlund@rhyta.com;8/13/1994;97.3;173
244;male;Abdullahi;Dahlberg;AbdullahiDahlberg@rhyta.com;4/30/1994;74.0;176
245;male;Aleksander;Sundström;AleksanderSundstrom@rhyta.com;11/13/1996;68.5;178
246;female;Mathilda;Åkesson;MathildaAkesson@fleckens.hu;12/6/1995;55.7;165
247;female;Sanne;Holmberg;SanneHolmberg@cuvox.de;6/9/1992;56.9;172
248;male;Khalid;Johansson;KhalidJohansson@superrito.com;11/17/1991;83.8;179
249;male;Josef;Åström;JosefAstrom@superrito.com;7/9/1991;103.7;169
250;female;Jolin;Blomqvist;JolinBlomqvist@dayrep.com;2/17/1991;66.5;157
251;female;Lilly;Magnusson;LillyMagnusson@jourrapide.com;4/4/1991;67.7;155
252;male;Edvin;Berggren;EdvinBerggren@dayrep.com;11/24/1992;66.5;168
253;female;Kajsa;Lind;KajsaLind@jourrapide.com;12/24/1993;81.1;175
254;male;Tage;Lind;TageLind@armyspy.com;2/5/1995;69.6;171
255;female;Havanna;Axelsson;HavannaAxelsson@jourrapide.com;10/2/1991;88.9;160
256;male;Anton;Jonsson;AntonJonsson@einrot.com;8/22/1994;104.6;179
257;female;Lotta;Sundberg;LottaSundberg@armyspy.com;1/13/1994;98.5;165
258;male;Mattias;Berg;MattiasBerg@fleckens.hu;6/2/1995;67.6;178
259;male;Alvin;Olsson;AlvinOlsson@dayrep.com;7/16/1997;96.8;172
260;female;Hilda;Holm;HildaHolm@superrito.com;8/4/1992;78.8;171
261;female;Melanie;Dahl;MelanieDahl@dayrep.com;7/8/1997;52.9;171
262;female;Nadine;Nyberg;NadineNyberg@gustr.com;1/23/1992;58.0;156
263;male;Elliot;Bergman;ElliotBergman@fleckens.hu;1/27/1997;88.5;170
264;female;Belinda;Ekström;BelindaEkstrom@einrot.com;6/27/1996;47.5;155
265;female;Pernilla;Petersson;PernillaPetersson@dayrep.com;3/12/1993;74.5;161
266;male;Jonas;Samuelsson;JonasSamuelsson@einrot.com;4/13/1996;62.6;167
267;male;Victor;Jonsson;VictorJonsson@einrot.com;4/24/1995;59.4;187
268;female;Linn;Ekström;LinnEkstrom@superrito.com;1/15/1993;55.1;162
269;male;Paul;Karlsson;PaulKarlsson@jourrapide.com;8/11/1993;61.1;187
270;male;Darin;Lundqvist;DarinLundqvist@armyspy.com;7/26/1994;78.3;173
271;female;Ellinor;Pettersson;EllinorPettersson@dayrep.com;8/21/1997;88.7;167
272;female;Tanya;Karlsson;TanyaKarlsson@cuvox.de;5/24/1993;65.5;170
273;male;Jonas;Lindholm;JonasLindholm@jourrapide.com;1/2/1992;64.5;190
274;female;Amber;Åkesson;AmberAkesson@fleckens.hu;7/7/1991;50.3;175
275;male;Theodor;Jansson;TheodorJansson@armyspy.com;2/26/1993;58.6;184
276;male;Gustaf;Danielsson;GustafDanielsson@dayrep.com;4/11/1996;74.2;187
277;male;Joshua;Petersson;JoshuaPetersson@einrot.com;6/21/1993;106.8;179
278;male;Mahmoud;Danielsson;MahmoudDanielsson@jourrapide.com;2/22/1996;77.9;185
279;female;Rebecca;Fredriksson;RebeccaFredriksson@dayrep.com;4/17/1994;80.2;165
280;female;Jessika;Åström;JessikaAstrom@superrito.com;11/16/1997;81.9;174
281;male;Knut;Lindberg;KnutLindberg@rhyta.com;4/5/1994;107.8;170
282;male;Johnny;Jonsson;JohnnyJonsson@jourrapide.com;2/19/1993;58.7;167
283;female;Mimmi;Arvidsson;MimmiArvidsson@fleckens.hu;11/7/1996;74.7;159
284;male;Enes;Sandström;EnesSandstrom@gustr.com;9/15/1994;92.2;174
285;male;Alfred;Jönsson;AlfredJonsson@einrot.com;2/26/1997;54.2;190
286;female;Lina;Petersson;LinaPetersson@dayrep.com;6/28/1995;98.5;154
287;male;Georg;Ström;GeorgStrom@teleworm.us;7/28/1996;77.2;167
288;male;Abel;Abrahamsson;AbelAbrahamsson@superrito.com;9/21/1996;68.4;167
289;female;Signe;Hellström;SigneHellstrom@dayrep.com;11/22/1991;67.7;159
290;male;Armin;Ivarsson;ArminIvarsson@superrito.com;7/24/1995;70.6;171
291;female;Karolin;Lind;KarolinLind@cuvox.de;4/7/1991;92.6;156
292;female;Maria;Göransson;MariaGoransson@jourrapide.com;7/22/1993;81.8;167
293;male;Omar;Hellström;OmarHellstrom@einrot.com;9/7/1992;106.0;179
294;male;Hans;Bergström;HansBergstrom@armyspy.com;11/18/1991;60.8;168
295;female;Lovis;Lindqvist;LovisLindqvist@rhyta.com;12/26/1992;90.7;168
296;female;Mona;Lind;MonaLind@jourrapide.com;12/14/1992;93.6;166
297;male;Charbel;Åkesson;CharbelAkesson@dayrep.com;7/28/1995;107.3;181
298;male;Teo;Jonasson;TeoJonasson@superrito.com;12/1/1993;96.7;177
299;male;Hussein;Lind;HusseinLind@armyspy.com;1/18/1991;109.3;190
300;female;Lena;Abrahamsson;LenaAbrahamsson@superrito.com;8/15/1997;50.3;164
301;male;Ricky;Bergqvist;RickyBergqvist@einrot.com;4/29/1993;100.2;187
302;male;Douglas;Sandberg;DouglasSandberg@fleckens.hu;3/15/1993;87.7;181
303;male;Algot;Björklund;AlgotBjorklund@gustr.com;11/2/1993;97.0;168
304;female;Tua;Persson;TuaPersson@teleworm.us;6/28/1991;94.7;159
305;female;Jessika;Hermansson;JessikaHermansson@fleckens.hu;3/18/1996;86.2;152
306;male;Vilhelm;Sundberg;VilhelmSundberg@rhyta.com;6/14/1996;94.4;165
307;male;Jonny;Eriksson;JonnyEriksson@dayrep.com;2/18/1993;74.8;168
308;female;Angelina;Nyman;AngelinaNyman@armyspy.com;4/13/1991;74.7;169
309;male;Olof;Ek;OlofEk@teleworm.us;6/12/1991;94.8;167
310;male;Cornelis;Hansson;CornelisHansson@armyspy.com;9/26/1992;104.0;171
311;female;Julie;Jonasson;JulieJonasson@superrito.com;6/7/1995;46.2;157
312;female;Tone;Lindholm;ToneLindholm@gustr.com;5/31/1996;67.0;157
313;female;Sandy;Bergström;SandyBergstrom@gustr.com;1/29/1993;61.2;175
314;male;Eskil;Gunnarsson;EskilGunnarsson@jourrapide.com;6/26/1994;73.1;171
315;female;Wera;Olsson;WeraOlsson@jourrapide.com;4/26/1992;50.2;159
316;male;Truls;Åberg;TrulsAberg@superrito.com;1/5/1995;79.0;168
317;female;Tindra;Sandberg;TindraSandberg@rhyta.com;10/15/1993;57.6;172
318;male;Isaac;Hellström;IsaacHellstrom@cuvox.de;4/25/1997;90.9;186
319;female;Jeanette;Bergqvist;JeanetteBergqvist@jourrapide.com;5/12/1994;94.6;162
320;female;Alba;Danielsson;AlbaDanielsson@armyspy.com;10/21/1992;55.2;175
321;female;Nelli;Ivarsson;NelliIvarsson@gustr.com;11/26/1993;94.1;159
322;male;Rasmus;Magnusson;RasmusMagnusson@superrito.com;12/26/1992;64.9;175
323;female;Claudia;Björk;ClaudiaBjork@einrot.com;10/18/1995;53.7;175
324;male;Vilgot;Nilsson;VilgotNilsson@dayrep.com;5/25/1995;70.2;179
325;male;Jesper;Lindholm;JesperLindholm@dayrep.com;10/9/1994;109.9;184
326;male;Ruben;Samuelsson;RubenSamuelsson@dayrep.com;3/21/1994;80.4;173
327;male;Åke;Blomqvist;AkeBlomqvist@rhyta.com;8/28/1992;61.6;173
328;female;Sanna;Lind;SannaLind@superrito.com;12/24/1990;70.7;155
329;female;Karla;Månsson;KarlaMansson@fleckens.hu;10/10/1994;82.3;155
330;female;Iza;Pettersson;IzaPettersson@einrot.com;11/29/1995;77.8;174
331;male;Edvard;Nyberg;EdvardNyberg@cuvox.de;12/14/1990;88.6;168
332;male;Sammy;Eklund;SammyEklund@fleckens.hu;11/2/1996;76.4;189
333;male;Mario;Berg;MarioBerg@teleworm.us;2/26/1991;105.3;177
334;male;Mohammed;Nyström;MohammedNystrom@fleckens.hu;2/1/1994;56.2;170
335;female;Eliza;Mårtensson;ElizaMartensson@superrito.com;4/28/1991;54.6;174
336;female;Zainab;Olsson;ZainabOlsson@armyspy.com;8/7/1993;91.2;175
337;male;Helmer;Sundström;HelmerSundstrom@dayrep.com;2/18/1993;74.1;183
338;female;Albina;Holm;AlbinaHolm@superrito.com;8/28/1997;76.6;163
339;female;Ellinor;Lindström;EllinorLindstrom@fleckens.hu;3/26/1997;69.4;171
340;female;Caisa;Fransson;CaisaFransson@teleworm.us;8/5/1991;63.0;164
341;female;Emmi;Olofsson;EmmiOlofsson@cuvox.de;1/25/1993;63.5;158
342;female;Estelle;Söderberg;EstelleSoderberg@fleckens.hu;8/12/1991;53.0;156
343;male;Joachim;Lund;JoachimLund@dayrep.com;1/26/1995;101.8;180
344;male;Valentin;Hellström;ValentinHellstrom@dayrep.com;11/7/1997;87.7;179
345;female;Elinor;Axelsson;ElinorAxelsson@jourrapide.com;3/19/1995;83.1;163
346;male;Bruno;Petersson;BrunoPetersson@einrot.com;4/30/1993;61.9;180
347;male;Hannes;Henriksson;HannesHenriksson@einrot.com;12/1/1993;104.9;175
348;male;Alvin;Björklund;AlvinBjorklund@dayrep.com;6/23/1994;89.7;174
349;female;Vilja;Blom;ViljaBlom@armyspy.com;7/18/1997;89.0;166
350;male;Harry;Ek;HarryEk@fleckens.hu;2/8/1992;56.1;184
351;female;Christina;Carlsson;ChristinaCarlsson@fleckens.hu;10/24/1996;86.9;168
352;male;Villiam;Månsson;VilliamMansson@armyspy.com;1/18/1991;98.7;168
353;female;Vanessa;Holm;VanessaHolm@gustr.com;12/11/1994;73.4;162
354;male;Kristoffer;Blom;KristofferBlom@armyspy.com;1/19/1997;54.8;169
355;female;Gry;Olsson;GryOlsson@fleckens.hu;3/8/1993;84.9;174
356;male;Alfons;Karlsson;AlfonsKarlsson@cuvox.de;11/17/1997;63.5;170
357;male;Lo;Berg;LoBerg@armyspy.com;5/26/1992;78.4;169
358;female;Hilda;Sundberg;HildaSundberg@superrito.com;12/24/1992;78.4;167
359;female;Gabriella;Åström;GabriellaAstrom@einrot.com;11/20/1995;47.9;155
360;female;Melody;Månsson;MelodyMansson@dayrep.com;2/7/1992;52.7;163
361;female;Olivia;Göransson;OliviaGoransson@gustr.com;4/12/1994;84.6;171
362;female;Luna;Holmberg;LunaHolmberg@rhyta.com;7/26/1995;78.8;157
363;male;Mårten;Axelsson;MartenAxelsson@armyspy.com;12/4/1992;79.8;186
364;male;Jonah;Hermansson;JonahHermansson@jourrapide.com;7/24/1997;99.6;181
365;male;Devin;Forsberg;DevinForsberg@cuvox.de;2/19/1992;101.2;175
366;female;Emma;Samuelsson;EmmaSamuelsson@superrito.com;2/18/1993;59.4;164
367;male;Mark;Larsson;MarkLarsson@rhyta.com;3/4/1993;84.4;186
368;male;Wille;Jakobsson;WilleJakobsson@armyspy.com;3/12/1997;80.5;190
369;female;Madelene;Göransson;MadeleneGoransson@cuvox.de;7/27/1993;99.6;161
370;female;Bea;Hellström;BeaHellstrom@gustr.com;5/29/1997;68.8;151
371;male;Natanael;Svensson;NatanaelSvensson@einrot.com;11/1/1993;96.2;185
372;female;Ängla;Eliasson;AnglaEliasson@jourrapide.com;12/22/1994;59.0;162
373;male;Texas;Mattsson;TexasMattsson@teleworm.us;9/26/1996;64.5;183
374;female;Evelyn;Axelsson;EvelynAxelsson@fleckens.hu;5/14/1993;88.6;167
375;female;Sanja;Isaksson;SanjaIsaksson@einrot.com;4/4/1996;89.1;168
376;male;Brian;Gustafsson;BrianGustafsson@jourrapide.com;6/27/1993;93.2;182
377;male;Theo;Ek;TheoEk@jourrapide.com;9/8/1993;91.5;183
378;female;Emina;Lindström;EminaLindstrom@teleworm.us;10/27/1992;74.2;173
379;female;Natali;Björklund;NataliBjorklund@fleckens.hu;11/23/1992;75.7;158
380;male;Magnus;Wallin;MagnusWallin@jourrapide.com;1/18/1995;71.4;189
381;female;Hana;Wallin;HanaWallin@fleckens.hu;4/29/1996;81.9;171
382;female;Katarina;Pettersson;KatarinaPettersson@cuvox.de;2/25/1995;57.4;174
383;female;Thea;Löfgren;TheaLofgren@rhyta.com;12/14/1991;96.9;172
384;female;Camilla;Hedlund;CamillaHedlund@gustr.com;11/11/1992;80.8;158
385;male;Anders;Bergqvist;AndersBergqvist@teleworm.us;10/16/1993;61.3;189
386;female;Vanesa;Göransson;VanesaGoransson@fleckens.hu;8/9/1991;47.3;168
387;female;Maya;Gunnarsson;MayaGunnarsson@einrot.com;12/10/1992;65.8;160
388;female;Merve;Bergqvist;MerveBergqvist@dayrep.com;12/22/1991;51.4;173
389;male;Isac;Jansson;IsacJansson@armyspy.com;3/29/1997;67.3;170
390;male;Caspar;Carlsson;CasparCarlsson@rhyta.com;5/7/1993;97.9;176
391;female;Rebecca;Danielsson;RebeccaDanielsson@fleckens.hu;7/29/1994;84.6;168
392;female;Tanya;Gunnarsson;TanyaGunnarsson@jourrapide.com;9/2/1994;68.5;170
393;female;Liza;Fransson;LizaFransson@rhyta.com;5/5/1994;71.3;157
394;female;Viola;Engström;ViolaEngstrom@gustr.com;1/4/1991;72.3;165
395;male;Manne;Söderberg;ManneSoderberg@teleworm.us;12/18/1990;78.2;180
396;female;Manda;Sjögren;MandaSjogren@rhyta.com;4/24/1992;81.4;175
397;female;Kira;Åström;KiraAstrom@cuvox.de;9/8/1997;62.9;154
398;male;Mehdi;Lundström;MehdiLundstrom@cuvox.de;10/15/1992;64.6;173
399;male;Kristoffer;Lundberg;KristofferLundberg@superrito.com;8/15/1993;77.2;180
400;male;Caspar;Hellström;CasparHellstrom@teleworm.us;1/7/1997;92.0;188
401;male;Viking;Lundin;VikingLundin@dayrep.com;12/14/1994;74.1;170
402;male;Vincent;Berggren;VincentBerggren@cuvox.de;1/30/1993;96.9;178
403;female;Wilda;Lundberg;WildaLundberg@fleckens.hu;4/28/1996;59.9;167
404;female;Maryama;Lind;MaryamaLind@armyspy.com;6/26/1991;97.1;164
405;male;Troy;Gustavsson;TroyGustavsson@dayrep.com;5/16/1993;88.0;176
406;female;Maya;Jönsson;MayaJonsson@fleckens.hu;12/27/1995;49.8;155
407;male;Teo;Göransson;TeoGoransson@fleckens.hu;7/11/1996;95.6;183
408;female;Ruth;Fredriksson;RuthFredriksson@dayrep.com;1/19/1992;53.9;159
409;male;Christofer;Olofsson;ChristoferOlofsson@fleckens.hu;2/12/1993;61.6;175
410;male;Philip;Gunnarsson;PhilipGunnarsson@cuvox.de;11/27/1992;79.9;175
411;female;Annika;Hermansson;AnnikaHermansson@gustr.com;7/10/1992;86.7;157
412;male;Benjamin;Göransson;BenjaminGoransson@armyspy.com;5/30/1996;54.8;166
413;male;Nicklas;Dahlberg;NicklasDahlberg@armyspy.com;9/16/1996;63.5;180
414;male;Harun;Månsson;HarunMansson@gustr.com;6/27/1993;69.5;179
415;male;Denniz;Berggren;DennizBerggren@einrot.com;8/11/1996;77.2;164
416;female;Amalia;Martinsson;AmaliaMartinsson@armyspy.com;9/16/1995;50.4;158
417;female;Andrea;Göransson;AndreaGoransson@cuvox.de;6/8/1995;72.8;169
418;male;Darin;Magnusson;DarinMagnusson@einrot.com;4/12/1996;63.9;188
419;male;Tomas;Karlsson;TomasKarlsson@superrito.com;4/27/1997;86.3;171
420;male;Ayub;Blomqvist;AyubBlomqvist@gustr.com;4/12/1994;102.5;187
421;male;Adel;Sandberg;AdelSandberg@cuvox.de;12/5/1992;58.3;175
422;female;Noelia;Lundberg;NoeliaLundberg@cuvox.de;3/5/1991;60.4;161
423;male;Aleksander;Löfgren;AleksanderLofgren@teleworm.us;12/6/1990;106.1;177
424;female;Klara;Lindqvist;KlaraLindqvist@armyspy.com;1/26/1994;65.7;169
425;female;Sophia;Ivarsson;SophiaIvarsson@einrot.com;5/19/1994;88.2;168
426;female;Aisha;Jansson;AishaJansson@gustr.com;6/27/1995;76.3;169
427;male;Jonas;Lundström;JonasLundstrom@rhyta.com;2/26/1992;64.9;172
428;male;Nicolai;Norberg;NicolaiNorberg@armyspy.com;7/18/1993;60.2;186
429;male;Jon;Eliasson;JonEliasson@einrot.com;6/5/1997;69.1;184
430;female;Wilda;Svensson;WildaSvensson@gustr.com;9/7/1996;73.2;159
431;female;Oliwia;Lindqvist;OliwiaLindqvist@einrot.com;8/29/1993;52.4;163
432;male;Elia;Eriksson;EliaEriksson@superrito.com;6/18/1996;85.4;177
433;male;Moses;Bergqvist;MosesBergqvist@einrot.com;1/6/1993;93.6;170
434;male;Tim;Månsson;TimMansson@fleckens.hu;6/28/1997;88.6;179
435;male;Joakim;Fransson;JoakimFransson@armyspy.com;7/4/1993;69.1;167
436;female;Ines;Isaksson;InesIsaksson@einrot.com;4/12/1995;86.5;168
437;male;Kevin;Sundström;KevinSundstrom@dayrep.com;1/29/1991;57.6;189
438;male;Tintin;Månsson;TintinMansson@superrito.com;4/10/1992;58.4;173
439;female;Edit;Isaksson;EditIsaksson@teleworm.us;1/31/1995;75.9;162
440;male;Max;Larsson;MaxLarsson@einrot.com;12/24/1992;74.2;189
441;female;Gloria;Jonasson;GloriaJonasson@jourrapide.com;10/5/1991;79.8;158
442;female;Anastasia;Göransson;AnastasiaGoransson@dayrep.com;10/3/1995;65.9;170
443;male;Hasan;Öberg;HasanOberg@rhyta.com;8/8/1997;69.9;179
444;male;Vigor;Martinsson;VigorMartinsson@teleworm.us;9/13/1995;91.3;172
445;male;Vilgot;Björk;VilgotBjork@gustr.com;7/2/1996;84.5;180
446;male;Jamie;Söderberg;JamieSoderberg@cuvox.de;1/12/1997;80.7;171
447;female;Villemo;Lindberg;VillemoLindberg@einrot.com;9/24/1996;52.6;161
448;female;Majken;Göransson;MajkenGoransson@dayrep.com;7/15/1992;96.0;170
449;female;Katja;Lundqvist;KatjaLundqvist@superrito.com;11/9/1995;46.5;175
450;female;Elisabet;Bergqvist;ElisabetBergqvist@teleworm.us;2/10/1997;61.9;153
451;male;Levi;Söderberg;LeviSoderberg@teleworm.us;8/14/1997;70.9;175
452;female;Jasmina;Strömberg;JasminaStromberg@cuvox.de;2/1/1996;66.4;159
453;female;Hanin;Isaksson;HaninIsaksson@einrot.com;6/23/1996;87.9;171
454;female;Esra;Axelsson;EsraAxelsson@cuvox.de;2/9/1992;46.0;172
455;female;Amela;Bergqvist;AmelaBergqvist@superrito.com;2/18/1997;67.0;173
456;male;Leonard;Isaksson;LeonardIsaksson@superrito.com;11/21/1995;84.2;173
457;female;Bianca;Karlsson;BiancaKarlsson@gustr.com;8/18/1994;48.2;156
458;female;Charlotte;Nordström;CharlotteNordstrom@jourrapide.com;7/28/1992;49.1;166
459;male;Åke;Lindberg;AkeLindberg@gustr.com;9/10/1992;100.9;176
460;male;Abdullah;Söderberg;AbdullahSoderberg@cuvox.de;10/31/1992;105.4;176
461;female;Moa;Magnusson;MoaMagnusson@einrot.com;10/19/1992;86.2;165
462;female;Ofelia;Månsson;OfeliaMansson@armyspy.com;4/16/1993;87.1;157
463;male;Edvard;Lund;EdvardLund@einrot.com;2/22/1994;96.9;180
464;female;Patricia;Lundin;PatriciaLundin@fleckens.hu;12/22/1991;55.2;155
465;male;Wilmer;Åberg;WilmerAberg@rhyta.com;3/26/1994;59.2;174
466;male;Thim;Nilsson;ThimNilsson@armyspy.com;2/21/1996;89.3;177
467;male;Sakarias;Åström;SakariasAstrom@dayrep.com;9/13/1992;99.4;174
468;male;Allan;Ek;AllanEk@armyspy.com;9/23/1994;56.2;179
469;female;Hana;Johansson;HanaJohansson@dayrep.com;3/5/1991;52.1;165
470;female;Josephine;Persson;JosephinePersson@jourrapide.com;6/26/1992;58.3;154
471;female;Fanny;Ek;FannyEk@dayrep.com;4/26/1996;76.9;162
472;female;Felicia;Samuelsson;FeliciaSamuelsson@cuvox.de;4/27/1994;80.0;172
473;female;Lilja;Petersson;LiljaPetersson@gustr.com;7/12/1991;55.5;157
474;male;Herman;Sundström;HermanSundstrom@teleworm.us;1/24/1997;76.6;180
475;female;Yasmine;Åström;YasmineAstrom@armyspy.com;9/15/1993;76.2;159
476;male;Oskar;Nordin;OskarNordin@jourrapide.com;5/5/1997;94.9;169
477;female;Charlotta;Dahlberg;CharlottaDahlberg@rhyta.com;9/20/1992;49.7;169
478;male;Dante;Petersson;DantePetersson@superrito.com;10/22/1995;105.2;172
479;female;Tanya;Karlsson;TanyaKarlsson@rhyta.com;10/19/1993;55.3;168
480;female;Sonja;Öberg;SonjaOberg@superrito.com;9/6/1992;89.2;154
481;female;Märta;Ekström;MartaEkstrom@einrot.com;10/13/1991;57.2;168
482;female;Lydia;Magnusson;LydiaMagnusson@fleckens.hu;12/10/1993;99.5;159
483;female;Wilda;Petersson;WildaPetersson@fleckens.hu;8/19/1995;67.7;173
484;male;Valentino;Wallin;ValentinoWallin@rhyta.com;10/30/1996;87.2;178
485;female;Johanna;Danielsson;JohannaDanielsson@dayrep.com;3/13/1993;64.4;154
486;female;Hanan;Lundberg;HananLundberg@einrot.com;5/5/1993;85.7;171
487;female;Pernilla;Axelsson;PernillaAxelsson@einrot.com;11/12/1996;54.7;155
488;female;Natasha;Eklund;NatashaEklund@gustr.com;11/24/1993;76.6;166
489;male;Mateo;Sandberg;MateoSandberg@fleckens.hu;6/1/1995;60.2;174
490;female;Elif;Björk;ElifBjork@einrot.com;5/7/1995;97.4;167
491;male;Hilding;Söderström;HildingSoderstrom@fleckens.hu;5/11/1994;75.6;171
492;male;Loke;Holmberg;LokeHolmberg@rhyta.com;11/24/1994;68.5;182
493;female;Iza;Mårtensson;IzaMartensson@einrot.com;3/27/1996;79.5;166
494;male;Hadi;Andreasson;HadiAndreasson@jourrapide.com;4/23/1995;59.9;186
495;male;Herman;Samuelsson;HermanSamuelsson@cuvox.de;8/28/1995;71.6;181
496;female;Doris;Lundgren;DorisLundgren@fleckens.hu;10/16/1994;65.8;155
497;female;Thea;Åkesson;TheaAkesson@rhyta.com;5/12/1994;99.1;161
498;male;Charbel;Lundqvist;CharbelLundqvist@rhyta.com;4/3/1992;61.4;189
499;female;Norea;Isaksson;NoreaIsaksson@cuvox.de;6/6/1995;74.6;161
500;male;Kristian;Ek;KristianEk@fleckens.hu;3/8/1997;68.7;187
501;female;Havin;Blom;HavinBlom@rhyta.com;11/5/1994;76.6;161
502;male;Enzo;Bengtsson;EnzoBengtsson@jourrapide.com;11/12/1997;68.2;182
503;female;Ylva;Andreasson;YlvaAndreasson@teleworm.us;5/9/1996;78.4;153
504;male;Danial;Larsson;DanialLarsson@rhyta.com;6/18/1994;70.6;180
505;female;Natalie;Lindström;NatalieLindstrom@rhyta.com;9/26/1995;77.1;156
506;female;Greta;Hansson;GretaHansson@superrito.com;12/20/1995;81.6;158
507;male;Tore;Jakobsson;ToreJakobsson@einrot.com;6/27/1996;58.2;163
508;female;Elin;Ekström;ElinEkstrom@fleckens.hu;11/9/1996;89.5;161
509;male;Armin;Sandström;ArminSandstrom@teleworm.us;1/24/1992;105.2;188
510;male;Ted;Sandström;TedSandstrom@armyspy.com;5/24/1992;62.3;189
511;female;Fideli;Åberg;FideliAberg@rhyta.com;2/24/1993;48.0;175
512;male;Waldemar;Håkansson;WaldemarHakansson@einrot.com;2/18/1992;67.8;180
513;male;Gustav;Dahlberg;GustavDahlberg@cuvox.de;8/23/1992;62.7;179
514;male;Waldemar;Öberg;WaldemarOberg@fleckens.hu;4/14/1995;86.3;180
515;male;Younes;Blomqvist;YounesBlomqvist@teleworm.us;5/27/1993;60.7;167
516;female;Nike;Fransson;NikeFransson@einrot.com;10/28/1997;56.4;172
517;male;Hjalmar;Åström;HjalmarAstrom@cuvox.de;7/31/1995;86.7;170
518;female;Elsa;Johansson;ElsaJohansson@cuvox.de;4/5/1994;69.5;168
519;male;Abbe;Lindberg;AbbeLindberg@superrito.com;5/5/1994;99.6;186
520;male;Joel;Olofsson;JoelOlofsson@dayrep.com;1/22/1993;59.0;178
521;male;Christoffe;Olofsson;ChristoffeOlofsson@superrito.com;8/17/1997;55.5;163
522;female;Felicia;Sundberg;FeliciaSundberg@jourrapide.com;3/15/1994;80.1;173
523;female;Emilie;Johnsson;EmilieJohnsson@rhyta.com;10/7/1995;71.7;162
524;female;Amira;Nordström;AmiraNordstrom@cuvox.de;1/19/1997;65.5;163
525;male;Sammy;Bergström;SammyBergstrom@armyspy.com;11/25/1995;104.5;183
526;male;Elia;Björklund;EliaBjorklund@rhyta.com;9/6/1991;108.8;189
527;male;Youssef;Petersson;YoussefPetersson@einrot.com;3/13/1994;94.3;171
528;female;Leia;Åkesson;LeiaAkesson@teleworm.us;12/6/1992;71.7;165
529;male;Dennis;Åkesson;DennisAkesson@jourrapide.com;6/23/1996;60.2;174
530;male;Ayub;Gustavsson;AyubGustavsson@armyspy.com;3/14/1997;56.5;185
531;male;Nicolas;Hansson;NicolasHansson@armyspy.com;3/30/1993;64.8;171
532;male;Einar;Åberg;EinarAberg@fleckens.hu;6/25/1997;75.0;181
533;male;Rufus;Holm;RufusHolm@dayrep.com;3/5/1994;83.9;179
534;female;Maria;Sjögren;MariaSjogren@superrito.com;5/3/1993;87.3;161
535;male;Alve;Nyström;AlveNystrom@rhyta.com;11/27/1997;87.5;189
536;male;Danny;Göransson;DannyGoransson@cuvox.de;7/19/1993;108.1;178
537;male;Love;Eliasson;LoveEliasson@gustr.com;12/22/1991;82.1;178
538;female;Maija;Göransson;MaijaGoransson@fleckens.hu;8/14/1997;80.0;155
539;male;Mika;Lind;MikaLind@fleckens.hu;4/12/1991;92.5;182
540;female;Emelia;Lindström;EmeliaLindstrom@jourrapide.com;1/16/1995;61.4;164
541;female;Martina;Jonasson;MartinaJonasson@fleckens.hu;5/28/1994;71.2;154
542;female;Josefin;Björk;JosefinBjork@einrot.com;5/2/1996;68.3;162
543;female;Sumaya;Berg;SumayaBerg@cuvox.de;8/27/1991;91.5;163
544;female;Simone;Danielsson;SimoneDanielsson@cuvox.de;2/24/1997;79.1;167
545;female;Sarah;Gustavsson;SarahGustavsson@jourrapide.com;1/29/1991;79.6;160
546;male;Ahmad;Sundberg;AhmadSundberg@einrot.com;6/14/1991;69.1;184
547;male;Alex;Ström;AlexStrom@fleckens.hu;2/19/1995;88.9;173
548;female;Lana;Ek;LanaEk@rhyta.com;10/11/1991;84.1;163
549;male;Leonardo;Sjöberg;LeonardoSjoberg@jourrapide.com;3/5/1992;81.9;173
550;male;Mille;Fredriksson;MilleFredriksson@superrito.com;9/15/1996;64.4;184
551;male;Matheo;Berggren;MatheoBerggren@superrito.com;4/12/1993;73.5;187
552;female;Fia;Axelsson;FiaAxelsson@cuvox.de;8/15/1993;52.0;157
553;female;Engla;Fransson;EnglaFransson@gustr.com;12/13/1996;60.5;155
554;male;Kristian;Löfgren;KristianLofgren@fleckens.hu;3/18/1996;82.3;184
555;female;Natalie;Johansson;NatalieJohansson@teleworm.us;12/11/1996;59.1;151
556;female;Mollie;Fredriksson;MollieFredriksson@einrot.com;8/15/1995;65.0;157
557;male;Morris;Samuelsson;MorrisSamuelsson@teleworm.us;3/6/1996;73.1;170
558;male;Jan;Eklund;JanEklund@rhyta.com;1/19/1996;88.3;177
559;female;Esmeralda;Danielsson;EsmeraldaDanielsson@teleworm.us;3/20/1997;56.3;168
560;male;Abdullahi;Dahl;AbdullahiDahl@cuvox.de;9/8/1994;96.9;177
561;female;Amelia;Nyberg;AmeliaNyberg@einrot.com;9/15/1997;75.0;166
562;female;Estelle;Nyström;EstelleNystrom@dayrep.com;5/6/1995;67.8;169
563;female;Lovis;Göransson;LovisGoransson@cuvox.de;11/13/1995;86.1;158
564;female;Livia;Åström;LiviaAstrom@gustr.com;2/28/1991;66.0;158
565;male;Roger;Lundström;RogerLundstrom@jourrapide.com;10/23/1992;98.6;176
566;male;Ismail;Sundström;IsmailSundstrom@gustr.com;3/15/1994;100.5;179
567;female;Natali;Lindgren;NataliLindgren@dayrep.com;10/12/1993;47.5;160
568;female;Selina;Berg;SelinaBerg@armyspy.com;5/12/1992;83.9;163
569;female;Melinda;Jonasson;MelindaJonasson@fleckens.hu;4/1/1997;73.3;156
570;female;Elinor;Olofsson;ElinorOlofsson@teleworm.us;10/18/1993;98.1;159
571;female;Sophie;Sandberg;SophieSandberg@jourrapide.com;4/6/1992;81.2;165
572;female;Kristina;Petersson;KristinaPetersson@gustr.com;8/24/1992;92.3;166
573;female;Kristin;Ekström;KristinEkstrom@einrot.com;9/10/1992;58.2;154
574;male;Hannes;Söderström;HannesSoderstrom@gustr.com;6/20/1995;103.8;190
575;female;Ebba;Lundqvist;EbbaLundqvist@jourrapide.com;4/27/1996;69.3;166
576;female;Bella;Lundqvist;BellaLundqvist@dayrep.com;2/5/1996;62.3;163
577;male;Daniel;Danielsson;DanielDanielsson@gustr.com;2/13/1992;67.6;178
578;male;Pierre;Persson;PierrePersson@cuvox.de;9/10/1995;62.1;180
579;male;Hjalmar;Forsberg;HjalmarForsberg@superrito.com;9/6/1997;56.3;189
580;female;Evelina;Jönsson;EvelinaJonsson@dayrep.com;8/8/1992;58.2;165
581;female;Anna;Lundström;AnnaLundstrom@jourrapide.com;9/3/1992;63.9;165
582;female;Aisha;Abrahamsson;AishaAbrahamsson@rhyta.com;10/26/1992;79.1;163
583;male;Oskar;Göransson;OskarGoransson@fleckens.hu;9/2/1995;72.4;178
584;male;Robin;Forsberg;RobinForsberg@jourrapide.com;12/6/1992;68.5;185
585;male;Matteo;Göransson;MatteoGoransson@teleworm.us;3/12/1994;99.7;187
586;female;Sally;Bengtsson;SallyBengtsson@dayrep.com;1/4/1997;48.6;155
587;male;Noah;Arvidsson;NoahArvidsson@fleckens.hu;5/4/1995;105.8;190
588;female;Elissa;Sjöberg;ElissaSjoberg@jourrapide.com;2/17/1995;56.0;157
589;male;Pelle;Nordström;PelleNordstrom@dayrep.com;11/10/1992;69.8;170
590;male;Carl-Johan;Fransson;Carl-JohanFransson@fleckens.hu;11/30/1992;86.4;182
591;male;Mika;Isaksson;MikaIsaksson@jourrapide.com;5/2/1991;66.6;173
592;male;Emilio;Hermansson;EmilioHermansson@gustr.com;10/14/1995;56.2;180
593;male;Lo;Gustavsson;LoGustavsson@teleworm.us;6/23/1991;76.1;181
594;male;Josef;Arvidsson;JosefArvidsson@teleworm.us;9/17/1992;100.7;179
595;male;Helmer;Åberg;HelmerAberg@cuvox.de;11/26/1994;64.6;183
596;male;Georg;Söderberg;GeorgSoderberg@cuvox.de;10/30/1997;65.6;187
597;female;Moa;Petersson;MoaPetersson@armyspy.com;8/24/1992;87.0;161
598;female;Meja;Larsson;MejaLarsson@cuvox.de;10/20/1995;74.9;158
599;male;Abdullah;Hellström;AbdullahHellstrom@rhyta.com;1/20/1996;75.6;164
600;female;Beata;Berglund;BeataBerglund@rhyta.com;1/14/1993;62.5;171
601;male;Henric;Larsson;HenricLarsson@rhyta.com;9/19/1992;60.3;167
602;male;Kristoffer;Berglund;KristofferBerglund@jourrapide.com;4/19/1995;78.5;175
603;female;Iman;Berglund;ImanBerglund@einrot.com;7/12/1992;72.6;163
604;male;Casper;Nordin;CasperNordin@einrot.com;4/18/1993;85.8;178
605;male;Olov;Henriksson;OlovHenriksson@armyspy.com;6/7/1995;89.0;187
606;female;Esther;Strömberg;EstherStromberg@rhyta.com;10/17/1992;88.0;169
607;male;Noak;Eklund;NoakEklund@fleckens.hu;8/15/1992;85.2;186
608;female;Charlotte;Henriksson;CharlotteHenriksson@cuvox.de;5/6/1991;76.7;171
609;male;Matteus;Lundström;MatteusLundstrom@dayrep.com;11/26/1997;71.8;179
610;male;Maximiliam;Holmgren;MaximiliamHolmgren@teleworm.us;10/31/1996;85.8;171
611;male;Tore;Lundberg;ToreLundberg@rhyta.com;11/29/1995;63.9;171
612;female;Lisen;Norberg;LisenNorberg@superrito.com;11/8/1993;93.8;171
613;female;Madeleine;Karlsson;MadeleineKarlsson@jourrapide.com;1/8/1995;50.1;159
614;female;Moa;Jonsson;MoaJonsson@rhyta.com;7/19/1996;48.9;158
615;female;Olga;Johansson;OlgaJohansson@einrot.com;8/2/1997;86.8;174
616;female;Noor;Fredriksson;NoorFredriksson@rhyta.com;12/8/1993;86.5;171
617;male;Abdullah;Olofsson;AbdullahOlofsson@jourrapide.com;1/6/1994;77.6;171
618;male;Luka;Göransson;LukaGoransson@dayrep.com;7/7/1993;78.8;176
619;female;Noelle;Lund;NoelleLund@teleworm.us;7/26/1993;88.2;169
620;male;Kimi;Jonasson;KimiJonasson@gustr.com;5/21/1991;70.8;172
621;male;Rufus;Ström;RufusStrom@superrito.com;1/18/1993;65.9;178
622;female;Elisabet;Abrahamsson;ElisabetAbrahamsson@superrito.com;5/3/1995;51.5;173
623;male;Lars;Carlsson;LarsCarlsson@superrito.com;11/20/1991;102.3;185
624;male;Altin;Johansson;AltinJohansson@jourrapide.com;1/8/1991;61.1;175
625;female;Märta;Johansson;MartaJohansson@fleckens.hu;9/4/1994;87.1;175
626;male;Sean;Nyberg;SeanNyberg@dayrep.com;8/26/1996;72.9;172
627;male;Mikail;Jönsson;MikailJonsson@rhyta.com;11/23/1995;84.3;188
628;female;Marina;Gustavsson;MarinaGustavsson@einrot.com;12/1/1992;64.6;158
629;female;Minea;Mårtensson;MineaMartensson@teleworm.us;12/19/1996;58.6;162
630;male;Pelle;Eriksson;PelleEriksson@superrito.com;12/22/1994;65.7;188
631;male;Sebastian;Fransson;SebastianFransson@einrot.com;5/9/1994;79.4;179
632;female;Nora;Norberg;NoraNorberg@einrot.com;7/30/1994;65.7;175
633;female;Aina;Lindqvist;AinaLindqvist@cuvox.de;2/1/1997;55.9;151
634;female;Siri;Johnsson;SiriJohnsson@dayrep.com;8/25/1994;90.8;167
635;male;Jens;Sundström;JensSundstrom@rhyta.com;5/26/1997;54.0;178
636;female;Sofie;Jonasson;SofieJonasson@rhyta.com;5/7/1996;79.3;166
637;female;Bella;Pettersson;BellaPettersson@dayrep.com;7/1/1993;69.0;172
638;male;Teo;Björklund;TeoBjorklund@jourrapide.com;2/16/1995;109.9;186
639;male;Kelvin;Sandström;KelvinSandstrom@jourrapide.com;12/27/1990;69.6;185
640;male;Georg;Lindqvist;GeorgLindqvist@dayrep.com;8/18/1995;105.0;186
641;female;Klara;Holm;KlaraHolm@dayrep.com;2/25/1991;56.9;162
642;female;Tintin;Nilsson;TintinNilsson@dayrep.com;1/27/1993;98.5;156
643;female;Anna;Petersson;AnnaPetersson@armyspy.com;7/4/1994;74.5;170
644;female;Marina;Lund;MarinaLund@jourrapide.com;12/18/1990;71.8;161
645;male;Morris;Lind;MorrisLind@einrot.com;3/1/1994;80.5;189
646;female;Emeli;Björklund;EmeliBjorklund@gustr.com;2/7/1993;56.8;171
647;female;Sally;Martinsson;SallyMartinsson@rhyta.com;1/30/1992;84.5;165
648;female;Alissa;Göransson;AlissaGoransson@dayrep.com;8/30/1993;58.6;167
649;female;Josephine;Holmberg;JosephineHolmberg@jourrapide.com;6/3/1996;45.1;173
650;male;Andi;Holm;AndiHolm@jourrapide.com;12/20/1992;100.9;169
651;male;Marc;Åkesson;MarcAkesson@rhyta.com;10/22/1991;77.6;168
652;female;Lorin;Svensson;LorinSvensson@jourrapide.com;3/18/1991;53.4;164
653;male;Frans;Blomqvist;FransBlomqvist@gustr.com;1/14/1993;95.1;174
654;female;Nike;Lindqvist;NikeLindqvist@dayrep.com;6/12/1994;94.2;163
655;male;Tristan;Lundgren;TristanLundgren@superrito.com;2/18/1992;94.7;179
656;female;Kelly;Norberg;KellyNorberg@cuvox.de;5/4/1997;74.7;170
657;male;Khalid;Hansson;KhalidHansson@jourrapide.com;3/28/1995;103.0;178
658;male;Rami;Sandberg;RamiSandberg@gustr.com;5/31/1993;79.8;175
659;male;Nico;Nordström;NicoNordstrom@cuvox.de;8/22/1996;76.0;190
660;female;Alexia;Nyström;AlexiaNystrom@fleckens.hu;4/7/1997;65.2;157
661;female;Smilla;Olsson;SmillaOlsson@cuvox.de;7/15/1996;53.2;159
662;female;Hoda;Öberg;HodaOberg@fleckens.hu;10/21/1991;93.2;175
663;female;Fatma;Jonasson;FatmaJonasson@dayrep.com;2/6/1994;54.4;155
664;female;Thyra;Andersson;ThyraAndersson@fleckens.hu;2/26/1991;63.1;154
665;female;Elisa;Månsson;ElisaMansson@superrito.com;6/13/1996;80.2;165
666;male;Atle;Nyman;AtleNyman@armyspy.com;4/27/1996;58.3;179
667;female;Vilja;Gunnarsson;ViljaGunnarsson@armyspy.com;8/15/1993;90.9;166
668;female;Mirjam;Holm;MirjamHolm@gustr.com;11/3/1991;82.2;165
669;female;Embla;Jonsson;EmblaJonsson@cuvox.de;1/1/1996;68.2;170
670;male;Mikail;Svensson;MikailSvensson@gustr.com;9/14/1997;62.9;166
671;male;Kimi;Andreasson;KimiAndreasson@gustr.com;1/1/1994;56.7;188
672;male;Adnan;Carlsson;AdnanCarlsson@jourrapide.com;10/13/1992;109.6;185
673;female;Tekla;Jonasson;TeklaJonasson@armyspy.com;9/9/1996;77.9;156
674;female;Noelia;Mattsson;NoeliaMattsson@armyspy.com;6/15/1992;60.7;171
675;female;Rosa;Eliasson;RosaEliasson@jourrapide.com;3/21/1992;81.1;157
676;female;Sofie;Lindgren;SofieLindgren@dayrep.com;5/14/1993;82.7;172
677;female;Albina;Björklund;AlbinaBjorklund@jourrapide.com;11/8/1994;88.2;164
678;female;Maryam;Sandberg;MaryamSandberg@rhyta.com;11/4/1995;54.1;166
679;female;Kira;Sjögren;KiraSjogren@cuvox.de;2/1/1993;47.9;166
680;female;Aprilia;Gunnarsson;ApriliaGunnarsson@cuvox.de;2/4/1993;67.2;157
681;male;Zakarias;Åström;ZakariasAstrom@einrot.com;9/16/1996;79.1;176
682;male;Harry;Bergqvist;HarryBergqvist@rhyta.com;7/25/1997;62.0;190
683;male;Jonny;Axelsson;JonnyAxelsson@einrot.com;9/16/1991;98.0;176
684;female;Maia;Göransson;MaiaGoransson@gustr.com;8/16/1993;81.1;164
685;female;Estrid;Löfgren;EstridLofgren@einrot.com;4/8/1993;61.5;168
686;male;Mårten;Strömberg;MartenStromberg@dayrep.com;10/24/1992;100.7;170
687;male;Mateo;Hansson;MateoHansson@superrito.com;10/12/1991;77.4;170
688;male;Marwin;Bergqvist;MarwinBergqvist@einrot.com;2/15/1994;77.4;170
689;female;Jacqueline;Lindholm;JacquelineLindholm@einrot.com;12/24/1993;52.6;174
690;female;Sanne;Gustavsson;SanneGustavsson@fleckens.hu;8/7/1993;48.7;163
691;female;Melinda;Isaksson;MelindaIsaksson@jourrapide.com;4/10/1993;51.9;163
692;male;Cevin;Petersson;CevinPetersson@gustr.com;12/1/1992;91.2;188
693;male;Viktor;Hermansson;ViktorHermansson@teleworm.us;2/11/1996;92.1;172
694;male;Artin;Danielsson;ArtinDanielsson@cuvox.de;5/19/1993;73.6;172
695;male;Lukas;Gustafsson;LukasGustafsson@gustr.com;5/16/1997;77.4;179
696;female;Charlotte;Hellström;CharlotteHellstrom@cuvox.de;7/17/1994;97.3;161
697;male;Tommy;Eriksson;TommyEriksson@teleworm.us;10/17/1997;93.3;163
698;female;Havanna;Lundberg;HavannaLundberg@rhyta.com;1/31/1993;77.6;175
699;male;Bastian;Blomqvist;BastianBlomqvist@superrito.com;10/23/1996;91.8;178
700;male;Alvar;Danielsson;AlvarDanielsson@superrito.com;11/29/1990;65.1;171
701;female;Alba;Berglund;AlbaBerglund@fleckens.hu;7/29/1995;79.6;169
702;male;Kenny;Johansson;KennyJohansson@cuvox.de;11/1/1992;109.5;189
703;male;Lars;Lindgren;LarsLindgren@dayrep.com;6/26/1995;64.6;181
704;female;Nadia;Lundström;NadiaLundstrom@fleckens.hu;11/22/1995;50.7;161
705;female;Emilia;Persson;EmiliaPersson@teleworm.us;12/3/1990;95.3;156
706;male;Yahya;Sandström;YahyaSandstrom@einrot.com;12/16/1996;93.5;171
707;female;Edith;Jakobsson;EdithJakobsson@jourrapide.com;4/5/1991;74.2;154
708;male;Vilgot;Blom;VilgotBlom@gustr.com;9/3/1991;68.4;189
709;female;Helin;Andreasson;HelinAndreasson@fleckens.hu;6/13/1992;58.5;164
710;male;Kevin;Persson;KevinPersson@teleworm.us;6/4/1994;71.4;190
711;male;Zeke;Lind;ZekeLind@fleckens.hu;2/9/1995;67.0;171
712;male;Nemo;Eriksson;NemoEriksson@fleckens.hu;7/28/1991;87.7;186
713;female;Sofia;Lundström;SofiaLundstrom@armyspy.com;9/18/1995;75.8;170
714;female;Alma;Gustavsson;AlmaGustavsson@teleworm.us;5/22/1997;63.3;166
715;female;Jennie;Nyström;JennieNystrom@gustr.com;6/28/1997;44.0;165
716;female;Milla;Johansson;MillaJohansson@einrot.com;9/2/1997;78.0;154
717;male;Håkan;Andersson;HakanAndersson@fleckens.hu;10/7/1991;109.9;185
718;male;Joar;Sjögren;JoarSjogren@dayrep.com;6/18/1992;87.4;169
719;female;Nellie;Fransson;NellieFransson@rhyta.com;1/18/1992;66.0;170
720;female;Aida;Sundström;AidaSundstrom@cuvox.de;4/14/1995;79.8;158
721;male;Timothy;Bergman;TimothyBergman@einrot.com;2/8/1997;82.5;189
722;male;Petter;Nilsson;PetterNilsson@jourrapide.com;9/15/1994;99.3;172
723;male;Nils;Jonasson;NilsJonasson@armyspy.com;6/27/1996;79.1;187
724;female;Hana;Jönsson;HanaJonsson@superrito.com;10/19/1996;85.3;174
725;male;Nicholas;Bergström;NicholasBergstrom@rhyta.com;6/4/1992;67.0;173
726;male;Yahya;Sandström;YahyaSandstrom@armyspy.com;2/9/1996;86.7;175
727;female;Zahra;Holmgren;ZahraHolmgren@armyspy.com;8/28/1995;58.1;156
728;male;Edwin;Åström;EdwinAstrom@rhyta.com;3/25/1997;95.7;170
729;male;Jasper;Danielsson;JasperDanielsson@fleckens.hu;2/17/1995;108.2;177
730;male;Brian;Lind;BrianLind@einrot.com;3/6/1991;56.6;184
731;female;Sofie;Gustavsson;SofieGustavsson@armyspy.com;7/12/1991;61.3;170
732;male;Lars;Sjöberg;LarsSjoberg@jourrapide.com;8/23/1991;65.6;175
733;male;David;Eriksson;DavidEriksson@cuvox.de;6/28/1992;97.1;187
734;female;Laura;Dahlberg;LauraDahlberg@armyspy.com;7/31/1993;48.7;162
735;female;Tilly;Söderberg;TillySoderberg@dayrep.com;4/23/1995;99.9;155
736;female;Regina;Gustavsson;ReginaGustavsson@rhyta.com;3/26/1997;74.3;173
737;female;Lykke;Nilsson;LykkeNilsson@armyspy.com;4/23/1995;48.8;170
738;male;Albert;Jansson;AlbertJansson@jourrapide.com;5/5/1992;60.5;184
739;female;Melina;Dahl;MelinaDahl@teleworm.us;2/5/1997;47.6;158
740;male;Rami;Lindqvist;RamiLindqvist@teleworm.us;4/18/1994;88.8;170
741;male;Daniel;Mattsson;DanielMattsson@teleworm.us;5/22/1995;74.4;170
742;female;Yasmin;Sandberg;YasminSandberg@einrot.com;3/7/1991;78.4;174
743;female;Matilde;Ek;MatildeEk@armyspy.com;12/21/1990;54.4;168
744;female;Cajsa;Åkesson;CajsaAkesson@rhyta.com;5/14/1996;56.4;154
745;male;Adis;Nordström;AdisNordstrom@einrot.com;9/4/1995;77.2;174
746;male;Richard;Åberg;RichardAberg@jourrapide.com;6/24/1994;88.9;186
747;male;Pär;Eriksson;ParEriksson@armyspy.com;4/7/1991;71.8;182
748;male;Harald;Bergqvist;HaraldBergqvist@armyspy.com;4/3/1991;72.2;188
749;female;Eleonora;Ekström;EleonoraEkstrom@teleworm.us;12/2/1990;47.5;160
750;male;Gustav;Sjögren;GustavSjogren@einrot.com;3/26/1995;108.4;169
751;male;Caspian;Mattsson;CaspianMattsson@teleworm.us;9/2/1992;105.3;186
752;female;Ronja;Gustafsson;RonjaGustafsson@armyspy.com;2/27/1997;70.6;173
753;male;Amer;Mattsson;AmerMattsson@superrito.com;8/22/1997;85.7;175
754;female;Dana;Berggren;DanaBerggren@teleworm.us;6/2/1993;95.9;164
755;male;Leonardo;Lindgren;LeonardoLindgren@fleckens.hu;2/17/1992;62.6;167
756;female;Philippa;Eriksson;PhilippaEriksson@einrot.com;1/3/1995;75.4;165
757;male;Dominic;Nyman;DominicNyman@gustr.com;12/24/1995;79.9;164
758;male;Tom;Martinsson;TomMartinsson@rhyta.com;2/9/1993;98.1;167
759;male;Abdullah;Sandberg;AbdullahSandberg@gustr.com;4/7/1995;71.5;184
760;male;Emrik;Håkansson;EmrikHakansson@jourrapide.com;10/9/1992;63.6;172
761;female;Natali;Löfgren;NataliLofgren@gustr.com;12/14/1990;71.6;167
762;female;Valentina;Håkansson;ValentinaHakansson@gustr.com;5/20/1993;87.4;172
763;male;Didrik;Bergström;DidrikBergstrom@fleckens.hu;1/15/1993;67.2;178
764;male;Tony;Ek;TonyEk@fleckens.hu;9/21/1994;108.3;190
765;female;Alexandra;Nyberg;AlexandraNyberg@teleworm.us;3/22/1994;58.7;166
766;female;Tindra;Svensson;TindraSvensson@fleckens.hu;5/9/1994;66.5;160
767;female;Gina;Carlsson;GinaCarlsson@armyspy.com;7/16/1991;66.2;159
768;male;Benjamin;Blom;BenjaminBlom@rhyta.com;10/10/1994;67.7;183
769;female;Inez;Håkansson;InezHakansson@gustr.com;4/30/1996;89.7;168
770;male;Atle;Wallin;AtleWallin@gustr.com;2/20/1991;88.2;185
771;male;Tomas;Dahl;TomasDahl@jourrapide.com;12/31/1990;98.9;179
772;male;Mathias;Hedlund;MathiasHedlund@armyspy.com;4/7/1993;82.8;183
773;male;Antonio;Lundström;AntonioLundstrom@rhyta.com;9/29/1992;83.8;180
774;female;Lorin;Blom;LorinBlom@teleworm.us;1/2/1997;64.8;157
775;female;Erna;Björklund;ErnaBjorklund@teleworm.us;9/11/1994;93.5;173
776;male;Amar;Ekström;AmarEkstrom@rhyta.com;9/20/1997;65.5;187
777;male;Leonardo;Nordin;LeonardoNordin@rhyta.com;9/26/1996;69.9;169
778;male;Erik;Åkesson;ErikAkesson@fleckens.hu;12/21/1993;87.3;177
779;male;Christofer;Forsberg;ChristoferForsberg@dayrep.com;7/14/1992;83.5;186
780;female;Eveline;Hedlund;EvelineHedlund@einrot.com;10/20/1992;83.2;163
781;male;Patrik;Danielsson;PatrikDanielsson@gustr.com;5/8/1996;93.4;163
782;male;Tim;Martinsson;TimMartinsson@superrito.com;1/22/1993;90.7;183
783;female;Elsa;Lundberg;ElsaLundberg@rhyta.com;9/18/1991;90.4;165
784;male;Abbe;Olsson;AbbeOlsson@jourrapide.com;11/3/1997;66.9;168
785;male;Lucas;Holm;LucasHolm@rhyta.com;8/2/1992;108.8;179
786;male;Tristan;Lundgren;TristanLundgren@fleckens.hu;11/25/1992;85.2;177
787;female;Åsa;Mårtensson;AsaMartensson@superrito.com;7/8/1995;60.1;174
788;female;Petra;Nyberg;PetraNyberg@gustr.com;5/4/1994;94.3;159
789;female;Malak;Engström;MalakEngstrom@dayrep.com;7/25/1995;68.7;164
790;male;Per;Lindgren;PerLindgren@einrot.com;2/21/1997;70.6;176
791;male;Christoffe;Danielsson;ChristoffeDanielsson@einrot.com;4/29/1992;85.7;188
792;male;Andi;Nyman;AndiNyman@superrito.com;6/8/1993;96.0;190
793;male;Zakaria;Wallin;ZakariaWallin@einrot.com;12/11/1996;84.4;184
794;female;Evelin;Martinsson;EvelinMartinsson@fleckens.hu;1/14/1995;47.6;159
795;male;Nikolaj;Åström;NikolajAstrom@armyspy.com;11/27/1992;64.7;189
796;female;Mika;Löfgren;MikaLofgren@cuvox.de;1/10/1996;55.5;161
797;female;Felicia;Sandström;FeliciaSandstrom@superrito.com;6/20/1992;50.3;154
798;female;Alissa;Holmberg;AlissaHolmberg@teleworm.us;9/8/1993;92.1;154
799;female;Zoe;Andersson;ZoeAndersson@teleworm.us;12/8/1996;44.7;168
800;female;Leah;Åkesson;LeahAkesson@cuvox.de;10/12/1992;65.2;156
801;female;Ängla;Larsson;AnglaLarsson@armyspy.com;8/24/1992;59.8;175
802;female;Aya;Lundgren;AyaLundgren@gustr.com;6/19/1991;94.0;170
803;female;Paula;Mårtensson;PaulaMartensson@superrito.com;1/25/1994;65.0;157
804;male;Nico;Nordström;NicoNordstrom@rhyta.com;11/8/1992;60.9;172
805;female;Amelia;Holm;AmeliaHolm@fleckens.hu;7/26/1992;73.8;173
806;male;Marlon;Hansson;MarlonHansson@cuvox.de;7/21/1997;76.3;188
807;female;Edith;Jakobsson;EdithJakobsson@superrito.com;4/10/1992;89.4;175
808;female;Sonja;Nilsson;SonjaNilsson@teleworm.us;10/10/1993;90.3;162
809;female;Adna;Arvidsson;AdnaArvidsson@fleckens.hu;5/30/1993;81.8;157
810;female;Alexia;Eriksson;AlexiaEriksson@fleckens.hu;11/2/1997;72.5;164
811;male;Markus;Martinsson;MarkusMartinsson@superrito.com;3/6/1995;57.2;187
812;male;Caesar;Hansson;CaesarHansson@superrito.com;9/29/1991;62.0;172
813;female;Elly;Sundström;EllySundstrom@dayrep.com;5/28/1997;68.7;151
814;male;Otto;Olofsson;OttoOlofsson@rhyta.com;10/11/1991;78.3;182
815;female;Sabrina;Andreasson;SabrinaAndreasson@einrot.com;8/11/1991;48.3;167
816;female;Majken;Lindholm;MajkenLindholm@teleworm.us;11/27/1996;52.5;167
817;male;Haris;Gunnarsson;HarisGunnarsson@einrot.com;1/20/1993;82.8;184
818;female;Elicia;Eriksson;EliciaEriksson@rhyta.com;11/11/1994;92.9;159
819;female;Miranda;Bergman;MirandaBergman@fleckens.hu;10/3/1992;96.9;170
820;female;Henny;Bergman;HennyBergman@einrot.com;3/21/1995;71.9;155
821;male;Elliott;Forsberg;ElliottForsberg@gustr.com;1/7/1995;59.8;178
822;female;Karin;Jönsson;KarinJonsson@cuvox.de;11/28/1993;68.2;175
823;female;Betty;Johnsson;BettyJohnsson@fleckens.hu;11/16/1992;75.0;165
824;female;Noor;Martinsson;NoorMartinsson@armyspy.com;7/26/1996;81.5;158
825;male;Amir;Lind;AmirLind@gustr.com;7/6/1991;89.8;180
826;female;Lovisa;Gustavsson;LovisaGustavsson@rhyta.com;2/23/1991;73.6;155
827;female;Elissa;Isaksson;ElissaIsaksson@cuvox.de;1/23/1992;65.3;157
828;female;Dana;Olofsson;DanaOlofsson@superrito.com;1/10/1994;93.0;157
829;female;Leona;Mårtensson;LeonaMartensson@einrot.com;6/10/1994;48.5;171
830;female;Alissa;Bergman;AlissaBergman@armyspy.com;4/10/1992;48.6;170
831;female;Myra;Åström;MyraAstrom@cuvox.de;11/4/1993;69.2;157
832;female;Merve;Jonasson;MerveJonasson@rhyta.com;11/8/1994;75.2;160
833;female;Aprilia;Norberg;ApriliaNorberg@teleworm.us;7/21/1995;59.4;174
834;male;Marwin;Carlsson;MarwinCarlsson@dayrep.com;10/12/1991;82.3;180
835;female;Sally;Sandberg;SallySandberg@dayrep.com;2/19/1995;88.3;173
836;female;Mikaela;Danielsson;MikaelaDanielsson@teleworm.us;5/13/1993;70.4;156
837;male;Dag;Sjögren;DagSjogren@rhyta.com;4/4/1991;79.1;181
838;male;Tom;Danielsson;TomDanielsson@dayrep.com;5/29/1992;89.2;189
839;male;Alan;Strömberg;AlanStromberg@teleworm.us;12/3/1991;62.7;178
840;female;Zandra;Nordström;ZandraNordstrom@jourrapide.com;11/7/1992;49.2;161
841;female;Izabel;Bengtsson;IzabelBengtsson@dayrep.com;3/25/1991;99.5;163
842;male;Theo;Eklund;TheoEklund@dayrep.com;6/2/1992;62.1;178
843;female;Madicken;Håkansson;MadickenHakansson@dayrep.com;2/14/1994;76.8;159
844;female;Tora;Lundberg;ToraLundberg@fleckens.hu;5/10/1992;82.4;170
845;male;Arian;Öberg;ArianOberg@cuvox.de;3/30/1996;58.8;188
846;male;Kristian;Åkesson;KristianAkesson@armyspy.com;6/26/1996;80.7;176
847;female;Eva;Isaksson;EvaIsaksson@einrot.com;3/25/1991;62.3;171
848;female;Esmeralda;Sundström;EsmeraldaSundstrom@dayrep.com;4/17/1994;92.9;171
849;female;Elise;Söderberg;EliseSoderberg@fleckens.hu;4/2/1993;75.4;159
850;female;Sofie;Söderberg;SofieSoderberg@rhyta.com;5/27/1994;52.8;157
851;female;Aina;Petersson;AinaPetersson@einrot.com;7/23/1995;88.2;154
852;male;Mio;Jonasson;MioJonasson@gustr.com;4/19/1993;59.7;167
853;female;Lovisa;Petersson;LovisaPetersson@dayrep.com;10/30/1991;75.0;168
854;female;Elif;Berggren;ElifBerggren@rhyta.com;7/1/1992;80.0;163
855;female;Edith;Lundberg;EdithLundberg@dayrep.com;1/7/1993;65.8;157
856;male;Axel;Dahlberg;AxelDahlberg@jourrapide.com;10/21/1997;83.4;188
857;male;Arvin;Gustavsson;ArvinGustavsson@superrito.com;11/7/1994;94.1;184
858;male;Bastian;Olofsson;BastianOlofsson@superrito.com;3/26/1996;72.0;165
859;male;Teo;Hellström;TeoHellstrom@dayrep.com;7/24/1996;70.0;179
860;female;Ester;Berggren;EsterBerggren@armyspy.com;4/18/1994;87.7;159
861;female;Yasmin;Hansson;YasminHansson@teleworm.us;6/29/1995;73.1;170
862;female;Myra;Lind;MyraLind@fleckens.hu;5/2/1991;79.2;171
863;male;Elof;Nordin;ElofNordin@superrito.com;4/19/1997;88.2;188
864;female;Othilia;Bergqvist;OthiliaBergqvist@fleckens.hu;4/11/1995;81.9;167
865;male;Yonis;Lindgren;YonisLindgren@fleckens.hu;9/20/1995;74.5;177
866;male;Hans;Abrahamsson;HansAbrahamsson@teleworm.us;11/16/1995;101.7;167
867;female;Rebecka;Andersson;RebeckaAndersson@jourrapide.com;9/22/1992;54.9;163
868;male;Sigge;Sundberg;SiggeSundberg@cuvox.de;10/17/1993;107.7;185
869;male;Eskil;Eklund;EskilEklund@jourrapide.com;7/3/1993;97.9;176
870;male;Jason;Ivarsson;JasonIvarsson@einrot.com;12/6/1994;70.8;172
871;male;Nicklas;Norberg;NicklasNorberg@armyspy.com;8/17/1992;66.8;172
872;male;Malte;Hellström;MalteHellstrom@einrot.com;3/16/1997;90.3;183
873;female;Ilse;Lundin;IlseLundin@fleckens.hu;10/29/1992;90.0;161
874;female;Caroline;Strömberg;CarolineStromberg@gustr.com;4/7/1994;63.3;169
875;male;Kimi;Andreasson;KimiAndreasson@cuvox.de;7/31/1993;83.3;182
876;female;Chanel;Hellström;ChanelHellstrom@superrito.com;1/8/1996;80.4;164
877;male;Linus;Björk;LinusBjork@dayrep.com;7/20/1992;60.2;173
878;female;Gina;Berg;GinaBerg@einrot.com;2/10/1992;77.3;174
879;female;Yara;Andreasson;YaraAndreasson@gustr.com;6/6/1991;80.7;162
880;female;Silvia;Norberg;SilviaNorberg@dayrep.com;11/25/1995;73.1;154
881;male;Freddie;Löfgren;FreddieLofgren@teleworm.us;7/24/1997;84.8;165
882;female;Maj;Ström;MajStrom@cuvox.de;9/15/1995;81.6;170
883;female;Zainab;Gustafsson;ZainabGustafsson@gustr.com;2/9/1992;53.4;164
884;male;Theodore;Fredriksson;TheodoreFredriksson@fleckens.hu;9/19/1994;86.5;177
885;female;Melanie;Samuelsson;MelanieSamuelsson@cuvox.de;10/31/1991;58.5;175
886;female;Alexandra;Nilsson;AlexandraNilsson@rhyta.com;12/10/1993;62.3;163
887;female;Emy;Blomqvist;EmyBlomqvist@armyspy.com;10/3/1996;82.2;165
888;female;Ida;Karlsson;IdaKarlsson@cuvox.de;3/7/1995;90.1;162
889;male;Zakarias;Norberg;ZakariasNorberg@dayrep.com;5/14/1993;81.3;177
890;female;Thea;Bergqvist;TheaBergqvist@superrito.com;11/3/1996;60.2;156
891;male;Totte;Andersson;TotteAndersson@dayrep.com;11/30/1996;79.4;178
892;female;Alva;Lindström;AlvaLindstrom@dayrep.com;10/28/1994;48.9;173
893;male;Lo;Bergström;LoBergstrom@teleworm.us;2/10/1994;89.0;179
894;male;Karl;Göransson;KarlGoransson@fleckens.hu;1/5/1991;66.1;189
895;male;Ben;Pettersson;BenPettersson@jourrapide.com;2/27/1995;61.0;173
896;female;Vanessa;Bengtsson;VanessaBengtsson@rhyta.com;9/28/1993;62.9;165
897;female;Izabel;Berg;IzabelBerg@dayrep.com;1/21/1992;70.1;157
898;female;Erna;Lindström;ErnaLindstrom@superrito.com;2/20/1995;64.6;158
899;male;Johnny;Nilsson;JohnnyNilsson@jourrapide.com;8/19/1991;72.6;181
900;female;Jessica;Lindberg;JessicaLindberg@armyspy.com;6/4/1993;91.5;154
901;female;Monika;Jonasson;MonikaJonasson@armyspy.com;7/1/1996;69.3;167
902;female;Freja;Håkansson;FrejaHakansson@cuvox.de;8/1/1994;80.7;164
903;male;Vide;Hellström;VideHellstrom@teleworm.us;8/22/1991;62.6;172
904;male;Arvid;Sandberg;ArvidSandberg@teleworm.us;1/17/1991;56.3;184
905;male;Teodor;Hellström;TeodorHellstrom@teleworm.us;6/22/1991;58.0;176
906;male;George;Ekström;GeorgeEkstrom@cuvox.de;6/1/1996;63.0;190
907;female;Berfin;Strömberg;BerfinStromberg@einrot.com;2/29/1996;70.0;155
908;female;Esther;Löfgren;EstherLofgren@jourrapide.com;10/7/1997;69.6;164
909;female;Matilda;Arvidsson;MatildaArvidsson@gustr.com;9/14/1994;91.7;160
910;male;Arian;Sandberg;ArianSandberg@jourrapide.com;8/25/1993;108.0;169
911;female;Fatma;Söderström;FatmaSoderstrom@superrito.com;1/3/1996;70.2;167
912;female;Sofie;Björklund;SofieBjorklund@dayrep.com;12/29/1993;56.5;159
913;male;Isidor;Sjögren;IsidorSjogren@cuvox.de;2/12/1997;59.8;168
914;female;Marina;Lindqvist;MarinaLindqvist@dayrep.com;2/1/1996;71.9;152
915;male;Sakarias;Johnsson;SakariasJohnsson@cuvox.de;8/21/1995;100.9;179
916;female;Esmeralda;Hedlund;EsmeraldaHedlund@rhyta.com;5/14/1996;74.3;166
917;male;Lucas;Nordin;LucasNordin@teleworm.us;4/23/1994;76.5;168
918;female;Madicken;Nyström;MadickenNystrom@superrito.com;7/26/1997;85.7;162
919;male;Herman;Lindgren;HermanLindgren@armyspy.com;6/11/1991;68.4;173
920;male;Isaac;Åkesson;IsaacAkesson@armyspy.com;8/10/1996;100.7;171
921;female;Nemi;Åström;NemiAstrom@rhyta.com;7/8/1995;59.8;155
922;female;Alice;Åberg;AliceAberg@teleworm.us;9/21/1994;83.9;166
923;male;Henrik;Gustavsson;HenrikGustavsson@cuvox.de;11/6/1996;57.1;178
924;male;Pontus;Gustafsson;PontusGustafsson@dayrep.com;5/24/1993;78.6;187
925;male;Zackarias;Sjögren;ZackariasSjogren@cuvox.de;8/4/1992;105.7;177
926;male;Dani;Strömberg;DaniStromberg@superrito.com;9/17/1993;79.2;178
927;male;Nathan;Lindholm;NathanLindholm@gustr.com;10/8/1996;59.6;175
928;female;Magdalena;Lindgren;MagdalenaLindgren@superrito.com;4/3/1996;45.0;158
929;female;Zainab;Göransson;ZainabGoransson@gustr.com;9/17/1993;82.3;165
930;male;Matteus;Lind;MatteusLind@armyspy.com;1/1/1993;107.1;182
931;female;Marwa;Åkesson;MarwaAkesson@einrot.com;10/5/1991;74.3;162
932;female;Sigrid;Jansson;SigridJansson@fleckens.hu;9/14/1991;69.5;160
933;female;Disa;Nyberg;DisaNyberg@teleworm.us;11/26/1992;74.9;162
934;female;Christina;Jönsson;ChristinaJonsson@fleckens.hu;9/5/1994;96.0;169
935;male;Jerry;Eklund;JerryEklund@dayrep.com;9/13/1992;92.3;188
936;female;Olga;Forsberg;OlgaForsberg@superrito.com;7/30/1994;85.7;168
937;female;Kimberly;Nordin;KimberlyNordin@fleckens.hu;3/8/1991;87.1;160
938;female;Ottilia;Holmgren;OttiliaHolmgren@einrot.com;7/29/1994;82.1;174
939;female;Märta;Lind;MartaLind@rhyta.com;11/7/1992;70.8;154
940;female;Lo;Lundqvist;LoLundqvist@fleckens.hu;8/13/1992;96.3;162
941;female;Elicia;Nordström;EliciaNordstrom@fleckens.hu;12/30/1991;71.3;156
942;female;Hilma;Lund;HilmaLund@jourrapide.com;10/19/1992;72.0;162
943;male;Niclas;Bergström;NiclasBergstrom@einrot.com;9/24/1994;80.2;182
944;female;Madelen;Månsson;MadelenMansson@superrito.com;2/24/1996;74.2;160
945;male;Thor;Isaksson;ThorIsaksson@cuvox.de;8/1/1992;72.3;174
946;female;Anna;Berg;AnnaBerg@gustr.com;3/4/1996;57.8;172
947;female;Vilda;Ivarsson;VildaIvarsson@einrot.com;4/19/1997;64.3;151
948;male;Olov;Ivarsson;OlovIvarsson@cuvox.de;10/28/1994;56.5;179
949;male;Aston;Lindström;AstonLindstrom@rhyta.com;6/10/1993;79.6;182
950;male;Jason;Lundgren;JasonLundgren@superrito.com;9/8/1993;81.1;185
951;female;Naomi;Ström;NaomiStrom@dayrep.com;10/19/1995;50.2;154
952;female;Olga;Jonasson;OlgaJonasson@dayrep.com;9/20/1997;61.1;168
953;female;Oliwia;Holm;OliwiaHolm@cuvox.de;7/15/1994;83.4;157
954;male;Noah;Jakobsson;NoahJakobsson@teleworm.us;3/26/1996;54.1;189
955;female;Mirjam;Fredriksson;MirjamFredriksson@dayrep.com;9/29/1997;67.0;153
956;male;Nicolas;Nordström;NicolasNordstrom@jourrapide.com;6/29/1991;94.8;180
957;female;Azra;Ivarsson;AzraIvarsson@gustr.com;11/11/1997;51.6;173
958;female;Albina;Arvidsson;AlbinaArvidsson@cuvox.de;4/2/1995;72.9;154
959;male;Gunnar;Göransson;GunnarGoransson@einrot.com;7/17/1994;81.1;189
960;female;Emily;Gunnarsson;EmilyGunnarsson@teleworm.us;12/2/1996;73.7;161
961;male;Tarik;Lund;TarikLund@teleworm.us;9/21/1997;71.6;185
962;female;Henrietta;Bergman;HenriettaBergman@cuvox.de;8/17/1995;72.7;169
963;male;Ante;Olofsson;AnteOlofsson@armyspy.com;7/21/1994;92.1;181
964;male;Ahmad;Magnusson;AhmadMagnusson@armyspy.com;2/21/1991;62.1;186
965;female;Fredrika;Lundberg;FredrikaLundberg@superrito.com;7/18/1994;89.9;155
966;female;Yasmine;Åberg;YasmineAberg@gustr.com;12/10/1991;72.9;157
967;male;Konrad;Holmgren;KonradHolmgren@fleckens.hu;5/15/1996;89.3;168
968;female;Lilly;Nordin;LillyNordin@dayrep.com;3/23/1994;63.1;163
969;male;Didrik;Månsson;DidrikMansson@gustr.com;2/12/1995;76.4;189
970;female;Alissa;Forsberg;AlissaForsberg@teleworm.us;11/5/1992;56.9;156
971;male;Tomas;Hellström;TomasHellstrom@jourrapide.com;2/17/1995;100.7;179
972;male;Rafael;Dahl;RafaelDahl@jourrapide.com;6/21/1995;71.4;170
973;female;Regina;Berglund;ReginaBerglund@jourrapide.com;1/17/1992;96.8;158
974;female;Ellie;Karlsson;EllieKarlsson@einrot.com;11/30/1996;52.4;162
975;male;Arvin;Abrahamsson;ArvinAbrahamsson@armyspy.com;9/3/1996;98.3;178
976;male;Rikard;Abrahamsson;RikardAbrahamsson@einrot.com;7/23/1996;93.4;182
977;female;Izabelle;Lindström;IzabelleLindstrom@rhyta.com;10/29/1995;60.9;169
978;female;Eva;Jonsson;EvaJonsson@teleworm.us;10/28/1991;75.2;155
979;female;Yasmine;Holmberg;YasmineHolmberg@superrito.com;1/20/1991;63.9;157
980;female;Elise;Petersson;ElisePetersson@cuvox.de;12/18/1992;65.7;160
981;male;Hampus;Nordström;HampusNordstrom@armyspy.com;11/6/1994;57.6;184
982;female;Aya;Samuelsson;AyaSamuelsson@jourrapide.com;6/27/1997;87.4;167
983;male;Texas;Jonasson;TexasJonasson@cuvox.de;2/22/1991;108.6;189
984;female;Zandra;Löfgren;ZandraLofgren@jourrapide.com;1/27/1997;73.2;155
985;female;Edit;Carlsson;EditCarlsson@teleworm.us;1/19/1992;58.8;174
986;male;Knut;Olsson;KnutOlsson@fleckens.hu;3/6/1994;104.3;186
987;female;Alva;Lundberg;AlvaLundberg@teleworm.us;11/12/1993;49.4;165
988;female;Sabina;Mårtensson;SabinaMartensson@armyspy.com;11/19/1994;47.7;168
989;female;Charlotte;Jonsson;CharlotteJonsson@fleckens.hu;6/9/1997;70.5;165
990;male;Alen;Jonasson;AlenJonasson@gustr.com;5/19/1996;99.2;173
991;male;Gunnar;Nordin;GunnarNordin@rhyta.com;3/26/1992;101.1;177
992;male;Altin;Björk;AltinBjork@einrot.com;10/22/1992;92.1;175
993;female;Medina;Holm;MedinaHolm@teleworm.us;12/26/1990;84.3;164
994;male;Maximiliam;Andersson;MaximiliamAndersson@cuvox.de;10/28/1991;62.4;175
995;female;Mathilde;Isaksson;MathildeIsaksson@jourrapide.com;5/3/1997;88.3;160
996;male;Arman;Håkansson;ArmanHakansson@jourrapide.com;11/19/1993;109.3;187
997;male;Love;Nyström;LoveNystrom@gustr.com;12/20/1994;97.3;188
998;male;Christian;Blomqvist;ChristianBlomqvist@jourrapide.com;12/11/1993;98.2;189
999;male;Axel;Forsberg;AxelForsberg@armyspy.com;4/25/1992;61.8;188
1000;female;Mona;Strömberg;MonaStromberg@einrot.com;8/13/1993;66.7;170